start_id,step_id,candidate_id,x,y,yaw,valid,information_gain,path_cost,score
0,0,0,-3.3,-3.0,0.0,True,70,1.5,67.0
0,0,1,-3.3511,-2.6118,0.2618,True,80,1.5,77.0
0,0,2,-3.501,-2.25,0.5236,True,98,1.5,95.0
0,0,3,-3.7393,-1.9393,0.7854,True,111,1.5,108.0
0,0,4,-4.05,-1.701,1.0472,True,119,1.5,116.0
0,0,5,-4.4118,-1.5511,1.309,True,112,1.5,109.0
0,0,6,-4.8,-1.5,1.5708,True,97,1.5,94.0
0,0,7,-5.1882,-1.5511,1.8326,True,72,1.5,69.0
0,0,8,-5.55,-1.701,2.0944,True,50,1.5,47.0
0,0,9,-5.8607,-1.9393,2.3562,True,30,1.5,27.0
0,0,10,-6.099,-2.25,2.618,False,0,1.5,-9999.0
0,0,11,-6.2489,-2.6118,2.8798,False,0,1.5,-9999.0
0,0,12,-6.3,-3.0,3.1416,False,0,1.5,-9999.0
0,0,13,-6.2489,-3.3882,3.4034,False,0,1.5,-9999.0
0,0,14,-6.099,-3.75,3.6652,False,0,1.5,-9999.0
0,0,15,-5.8607,-4.0607,3.927,False,0,1.5,-9999.0
0,0,16,-5.55,-4.299,4.1888,False,0,1.5,-9999.0
0,0,17,-5.1882,-4.4489,4.4506,False,0,1.5,-9999.0
0,0,18,-4.8,-4.5,4.7124,False,0,1.5,-9999.0
0,0,19,-4.4118,-4.4489,4.9742,False,0,1.5,-9999.0
0,0,20,-4.05,-4.299,5.236,False,0,1.5,-9999.0
0,0,21,-3.7393,-4.0607,5.4978,False,0,1.5,-9999.0
0,0,22,-3.501,-3.75,5.7596,True,44,1.5,41.0
0,0,23,-3.3511,-3.3882,6.0214,True,57,1.5,54.0
0,1,0,-2.55,-1.701,0.0,True,17,1.5,14.0
0,1,1,-2.6011,-1.3128,0.2618,True,23,1.5,20.0
0,1,2,-2.751,-0.951,0.5236,True,32,1.5,29.0
0,1,3,-2.9893,-0.6403,0.7854,True,57,1.5,54.0
0,1,4,-3.3,-0.402,1.0472,True,77,1.5,74.0
0,1,5,-3.6618,-0.2521,1.309,True,97,1.5,94.0
0,1,6,-4.05,-0.201,1.5708,True,102,1.5,99.0
0,1,7,-4.4382,-0.2521,1.8326,True,92,1.5,89.0
0,1,8,-4.8,-0.402,2.0944,True,70,1.5,67.0
0,1,9,-5.1107,-0.6403,2.3562,True,46,1.5,43.0
0,1,10,-5.349,-0.951,2.618,True,28,1.5,25.0
0,1,11,-5.4989,-1.3128,2.8798,True,12,1.5,9.0
0,1,12,-5.55,-1.701,3.1416,True,6,1.5,3.0
0,1,13,-5.4989,-2.0892,3.4034,True,0,1.5,-3.0
0,1,14,-5.349,-2.451,3.6652,True,0,1.5,-3.0
0,1,15,-5.1107,-2.7617,3.927,True,0,1.5,-3.0
0,1,16,-4.8,-3.0,4.1888,True,0,1.5,-3.0
0,1,17,-4.4382,-3.1499,4.4506,True,3,1.5,0.0
0,1,18,-4.05,-3.201,4.7124,True,9,1.5,6.0
0,1,19,-3.6618,-3.1499,4.9742,True,21,1.5,18.0
0,1,20,-3.3,-3.0,5.236,True,29,1.5,26.0
0,1,21,-2.9893,-2.7617,5.4978,True,40,1.5,37.0
0,1,22,-2.751,-2.451,5.7596,True,34,1.5,31.0
0,1,23,-2.6011,-2.0892,6.0214,True,22,1.5,19.0
0,2,0,-2.55,-0.201,0.0,True,8,1.5,5.0
0,2,1,-2.6011,0.1872,0.2618,True,18,1.5,15.0
0,2,2,-2.751,0.549,0.5236,True,33,1.5,30.0
0,2,3,-2.9893,0.8597,0.7854,True,61,1.5,58.0
0,2,4,-3.3,1.098,1.0472,True,79,1.5,76.0
0,2,5,-3.6618,1.2479,1.309,True,100,1.5,97.0
0,2,6,-4.05,1.299,1.5708,True,103,1.5,100.0
0,2,7,-4.4382,1.2479,1.8326,True,92,1.5,89.0
0,2,8,-4.8,1.098,2.0944,True,70,1.5,67.0
0,2,9,-5.1107,0.8597,2.3562,True,46,1.5,43.0
0,2,10,-5.349,0.549,2.618,True,28,1.5,25.0
0,2,11,-5.4989,0.1872,2.8798,True,12,1.5,9.0
0,2,12,-5.55,-0.201,3.1416,True,6,1.5,3.0
0,2,13,-5.4989,-0.5892,3.4034,True,0,1.5,-3.0
0,2,14,-5.349,-0.951,3.6652,True,0,1.5,-3.0
0,2,15,-5.1107,-1.2617,3.927,True,0,1.5,-3.0
0,2,16,-4.8,-1.5,4.1888,True,0,1.5,-3.0
0,2,17,-4.4382,-1.6499,4.4506,True,0,1.5,-3.0
0,2,18,-4.05,-1.701,4.7124,True,0,1.5,-3.0
0,2,19,-3.6618,-1.6499,4.9742,True,5,1.5,2.0
0,2,20,-3.3,-1.5,5.236,True,6,1.5,3.0
0,2,21,-2.9893,-1.2617,5.4978,True,6,1.5,3.0
0,2,22,-2.751,-0.951,5.7596,True,1,1.5,-2.0
0,2,23,-2.6011,-0.5892,6.0214,True,5,1.5,2.0
0,3,0,-2.55,1.299,0.0,True,14,1.5,11.0
0,3,1,-2.6011,1.6872,0.2618,True,23,1.5,20.0
0,3,2,-2.751,2.049,0.5236,True,31,1.5,28.0
0,3,3,-2.9893,2.3597,0.7854,True,45,1.5,42.0
0,3,4,-3.3,2.598,1.0472,True,40,1.5,37.0
0,3,5,-3.6618,2.7479,1.309,True,34,1.5,31.0
0,3,6,-4.05,2.799,1.5708,True,26,1.5,23.0
0,3,7,-4.4382,2.7479,1.8326,True,19,1.5,16.0
0,3,8,-4.8,2.598,2.0944,True,13,1.5,10.0
0,3,9,-5.1107,2.3597,2.3562,True,8,1.5,5.0
0,3,10,-5.349,2.049,2.618,True,6,1.5,3.0
0,3,11,-5.4989,1.6872,2.8798,True,6,1.5,3.0
0,3,12,-5.55,1.299,3.1416,True,6,1.5,3.0
0,3,13,-5.4989,0.9108,3.4034,True,0,1.5,-3.0
0,3,14,-5.349,0.549,3.6652,True,0,1.5,-3.0
0,3,15,-5.1107,0.2383,3.927,True,0,1.5,-3.0
0,3,16,-4.8,-0.0,4.1888,True,0,1.5,-3.0
0,3,17,-4.4382,-0.1499,4.4506,True,0,1.5,-3.0
0,3,18,-4.05,-0.201,4.7124,True,0,1.5,-3.0
0,3,19,-3.6618,-0.1499,4.9742,True,0,1.5,-3.0
0,3,20,-3.3,-0.0,5.236,True,0,1.5,-3.0
0,3,21,-2.9893,0.2383,5.4978,True,2,1.5,-1.0
0,3,22,-2.751,0.549,5.7596,True,0,1.5,-3.0
0,3,23,-2.6011,0.9108,6.0214,True,8,1.5,5.0
0,4,0,-1.4893,2.3597,0.0,False,0,1.5,-9999.0
0,4,1,-1.5404,2.7479,0.2618,True,113,1.5,110.0
0,4,2,-1.6903,3.1097,0.5236,True,97,1.5,94.0
0,4,3,-1.9286,3.4204,0.7854,True,78,1.5,75.0
0,4,4,-2.2393,3.6587,1.0472,True,56,1.5,53.0
0,4,5,-2.6011,3.8086,1.309,True,33,1.5,30.0
0,4,6,-2.9893,3.8597,1.5708,True,17,1.5,14.0
0,4,7,-3.3775,3.8086,1.8326,True,12,1.5,9.0
0,4,8,-3.7393,3.6587,2.0944,True,8,1.5,5.0
0,4,9,-4.05,3.4204,2.3562,True,5,1.5,2.0
0,4,10,-4.2883,3.1097,2.618,True,5,1.5,2.0
0,4,11,-4.4382,2.7479,2.8798,True,7,1.5,4.0
0,4,12,-4.4893,2.3597,3.1416,True,8,1.5,5.0
0,4,13,-4.4382,1.9715,3.4034,True,7,1.5,4.0
0,4,14,-4.2883,1.6097,3.6652,True,6,1.5,3.0
0,4,15,-4.05,1.299,3.927,True,0,1.5,-3.0
0,4,16,-3.7393,1.0607,4.1888,True,0,1.5,-3.0
0,4,17,-3.3775,0.9108,4.4506,True,0,1.5,-3.0
0,4,18,-2.9893,0.8597,4.7124,True,4,1.5,1.0
0,4,19,-2.6011,0.9108,4.9742,True,6,1.5,3.0
0,4,20,-2.2393,1.0607,5.236,True,1,1.5,-2.0
0,4,21,-1.9286,1.299,5.4978,False,0,1.5,-9999.0
0,4,22,-1.6903,1.6097,5.7596,False,0,1.5,-9999.0
0,4,23,-1.5404,1.9715,6.0214,False,0,1.5,-9999.0
0,5,0,-0.0404,2.7479,0.0,True,70,1.5,67.0
0,5,1,-0.0915,3.1361,0.2618,True,65,1.5,62.0
0,5,2,-0.2414,3.4979,0.5236,True,54,1.5,51.0
0,5,3,-0.4797,3.8086,0.7854,True,38,1.5,35.0
0,5,4,-0.7904,4.0469,1.0472,False,0,1.5,-9999.0
0,5,5,-1.1522,4.1968,1.309,False,0,1.5,-9999.0
0,5,6,-1.5404,4.2479,1.5708,False,0,1.5,-9999.0
0,5,7,-1.9286,4.1968,1.8326,False,0,1.5,-9999.0
0,5,8,-2.2904,4.0469,2.0944,False,0,1.5,-9999.0
0,5,9,-2.6011,3.8086,2.3562,True,0,1.5,-3.0
0,5,10,-2.8394,3.4979,2.618,True,1,1.5,-2.0
0,5,11,-2.9893,3.1361,2.8798,True,1,1.5,-2.0
0,5,12,-3.0404,2.7479,3.1416,True,1,1.5,-2.0
0,5,13,-2.9893,2.3597,3.4034,True,0,1.5,-3.0
0,5,14,-2.8394,1.9979,3.6652,False,0,1.5,-9999.0
0,5,15,-2.6011,1.6872,3.927,False,0,1.5,-9999.0
0,5,16,-2.2904,1.4489,4.1888,False,0,1.5,-9999.0
0,5,17,-1.9286,1.299,4.4506,True,53,1.5,50.0
0,5,18,-1.5404,1.2479,4.7124,True,67,1.5,64.0
0,5,19,-1.1522,1.299,4.9742,True,66,1.5,63.0
0,5,20,-0.7904,1.4489,5.236,True,32,1.5,29.0
0,5,21,-0.4797,1.6872,5.4978,False,0,1.5,-9999.0
0,5,22,-0.2414,1.9979,5.7596,True,46,1.5,43.0
0,5,23,-0.0915,2.3597,6.0214,True,62,1.5,59.0
0,6,0,1.4596,2.7479,0.0,True,75,1.5,72.0
0,6,1,1.4085,3.1361,0.2618,True,74,1.5,71.0
0,6,2,1.2586,3.4979,0.5236,True,61,1.5,58.0
0,6,3,1.0203,3.8086,0.7854,True,39,1.5,36.0
0,6,4,0.7096,4.0469,1.0472,False,0,1.5,-9999.0
0,6,5,0.3478,4.1968,1.309,False,0,1.5,-9999.0
0,6,6,-0.0404,4.2479,1.5708,False,0,1.5,-9999.0
0,6,7,-0.4286,4.1968,1.8326,False,0,1.5,-9999.0
0,6,8,-0.7904,4.0469,2.0944,False,0,1.5,-9999.0
0,6,9,-1.1011,3.8086,2.3562,True,0,1.5,-3.0
0,6,10,-1.3394,3.4979,2.618,True,0,1.5,-3.0
0,6,11,-1.4893,3.1361,2.8798,True,0,1.5,-3.0
0,6,12,-1.5404,2.7479,3.1416,True,0,1.5,-3.0
0,6,13,-1.4893,2.3597,3.4034,True,11,1.5,8.0
0,6,14,-1.3394,1.9979,3.6652,True,25,1.5,22.0
0,6,15,-1.1011,1.6872,3.927,True,36,1.5,33.0
0,6,16,-0.7904,1.4489,4.1888,False,0,1.5,-9999.0
0,6,17,-0.4286,1.299,4.4506,False,0,1.5,-9999.0
0,6,18,-0.0404,1.2479,4.7124,False,0,1.5,-9999.0
0,6,19,0.3478,1.299,4.9742,False,0,1.5,-9999.0
0,6,20,0.7096,1.4489,5.236,False,0,1.5,-9999.0
0,6,21,1.0203,1.6872,5.4978,True,76,1.5,73.0
0,6,22,1.2586,1.9979,5.7596,True,64,1.5,61.0
0,6,23,1.4085,2.3597,6.0214,True,66,1.5,63.0
0,7,0,2.5203,1.6872,0.0,False,0,1.5,-9999.0
0,7,1,2.4692,2.0754,0.2618,False,0,1.5,-9999.0
0,7,2,2.3193,2.4372,0.5236,False,0,1.5,-9999.0
0,7,3,2.081,2.7479,0.7854,True,131,1.5,128.0
0,7,4,1.7703,2.9862,1.0472,True,73,1.5,70.0
0,7,5,1.4085,3.1361,1.309,True,46,1.5,43.0
0,7,6,1.0203,3.1872,1.5708,True,33,1.5,30.0
0,7,7,0.6321,3.1361,1.8326,True,18,1.5,15.0
0,7,8,0.2703,2.9862,2.0944,True,9,1.5,6.0
0,7,9,-0.0404,2.7479,2.3562,True,0,1.5,-3.0
0,7,10,-0.2787,2.4372,2.618,True,0,1.5,-3.0
0,7,11,-0.4286,2.0754,2.8798,False,0,1.5,-9999.0
0,7,12,-0.4797,1.6872,3.1416,False,0,1.5,-9999.0
0,7,13,-0.4286,1.299,3.4034,False,0,1.5,-9999.0
0,7,14,-0.2787,0.9372,3.6652,False,0,1.5,-9999.0
0,7,15,-0.0404,0.6265,3.927,False,0,1.5,-9999.0
0,7,16,0.2703,0.3882,4.1888,False,0,1.5,-9999.0
0,7,17,0.6321,0.2383,4.4506,True,128,1.5,125.0
0,7,18,1.0203,0.1872,4.7124,True,126,1.5,123.0
0,7,19,1.4085,0.2383,4.9742,True,106,1.5,103.0
0,7,20,1.7703,0.3882,5.236,True,73,1.5,70.0
0,7,21,2.081,0.6265,5.4978,False,0,1.5,-9999.0
0,7,22,2.3193,0.9372,5.7596,False,0,1.5,-9999.0
0,7,23,2.4692,1.299,6.0214,False,0,1.5,-9999.0
0,8,0,3.581,2.7479,0.0,True,93,1.5,90.0
0,8,1,3.5299,3.1361,0.2618,True,69,1.5,66.0
0,8,2,3.38,3.4979,0.5236,True,50,1.5,47.0
0,8,3,3.1417,3.8086,0.7854,True,29,1.5,26.0
0,8,4,2.831,4.0469,1.0472,False,0,1.5,-9999.0
0,8,5,2.4692,4.1968,1.309,False,0,1.5,-9999.0
0,8,6,2.081,4.2479,1.5708,False,0,1.5,-9999.0
0,8,7,1.6928,4.1968,1.8326,False,0,1.5,-9999.0
0,8,8,1.331,4.0469,2.0944,False,0,1.5,-9999.0
0,8,9,1.0203,3.8086,2.3562,True,0,1.5,-3.0
0,8,10,0.782,3.4979,2.618,True,0,1.5,-3.0
0,8,11,0.6321,3.1361,2.8798,True,0,1.5,-3.0
0,8,12,0.581,2.7479,3.1416,True,0,1.5,-3.0
0,8,13,0.6321,2.3597,3.4034,True,0,1.5,-3.0
0,8,14,0.782,1.9979,3.6652,True,1,1.5,-2.0
0,8,15,1.0203,1.6872,3.927,True,0,1.5,-3.0
0,8,16,1.331,1.4489,4.1888,False,0,1.5,-9999.0
0,8,17,1.6928,1.299,4.4506,False,0,1.5,-9999.0
0,8,18,2.081,1.2479,4.7124,True,60,1.5,57.0
0,8,19,2.4692,1.299,4.9742,True,78,1.5,75.0
0,8,20,2.831,1.4489,5.236,True,100,1.5,97.0
0,8,21,3.1417,1.6872,5.4978,True,121,1.5,118.0
0,8,22,3.38,1.9979,5.7596,True,128,1.5,125.0
0,8,23,3.5299,2.3597,6.0214,True,113,1.5,110.0
0,9,0,4.88,1.9979,0.0,True,24,1.5,21.0
0,9,1,4.8289,2.3861,0.2618,True,16,1.5,13.0
0,9,2,4.679,2.7479,0.5236,True,11,1.5,8.0
0,9,3,4.4407,3.0586,0.7854,True,7,1.5,4.0
0,9,4,4.13,3.2969,1.0472,True,6,1.5,3.0
0,9,5,3.7682,3.4468,1.309,True,6,1.5,3.0
0,9,6,3.38,3.4979,1.5708,True,6,1.5,3.0
0,9,7,2.9918,3.4468,1.8326,True,2,1.5,-1.0
0,9,8,2.63,3.2969,2.0944,True,0,1.5,-3.0
0,9,9,2.3193,3.0586,2.3562,True,0,1.5,-3.0
0,9,10,2.081,2.7479,2.618,True,0,1.5,-3.0
0,9,11,1.9311,2.3861,2.8798,False,0,1.5,-9999.0
0,9,12,1.88,1.9979,3.1416,False,0,1.5,-9999.0
0,9,13,1.9311,1.6097,3.4034,False,0,1.5,-9999.0
0,9,14,2.081,1.2479,3.6652,True,12,1.5,9.0
0,9,15,2.3193,0.9372,3.927,True,25,1.5,22.0
0,9,16,2.63,0.6989,4.1888,True,32,1.5,29.0
0,9,17,2.9918,0.549,4.4506,True,51,1.5,48.0
0,9,18,3.38,0.4979,4.7124,True,70,1.5,67.0
0,9,19,3.7682,0.549,4.9742,True,78,1.5,75.0
0,9,20,4.13,0.6989,5.236,True,75,1.5,72.0
0,9,21,4.4407,0.9372,5.4978,True,63,1.5,60.0
0,9,22,4.679,1.2479,5.7596,True,49,1.5,46.0
0,9,23,4.8289,1.6097,6.0214,True,37,1.5,34.0
0,10,0,5.2682,0.549,0.0,True,8,1.5,5.0
0,10,1,5.2171,0.9372,0.2618,True,4,1.5,1.0
0,10,2,5.0672,1.299,0.5236,True,4,1.5,1.0
0,10,3,4.8289,1.6097,0.7854,True,5,1.5,2.0
0,10,4,4.5182,1.848,1.0472,True,7,1.5,4.0
0,10,5,4.1564,1.9979,1.309,True,9,1.5,6.0
0,10,6,3.7682,2.049,1.5708,True,7,1.5,4.0
0,10,7,3.38,1.9979,1.8326,True,0,1.5,-3.0
0,10,8,3.0182,1.848,2.0944,True,0,1.5,-3.0
0,10,9,2.7075,1.6097,2.3562,True,0,1.5,-3.0
0,10,10,2.4692,1.299,2.618,True,1,1.5,-2.0
0,10,11,2.3193,0.9372,2.8798,True,10,1.5,7.0
0,10,12,2.2682,0.549,3.1416,True,10,1.5,7.0
0,10,13,2.3193,0.1608,3.4034,True,29,1.5,26.0
0,10,14,2.4692,-0.201,3.6652,True,25,1.5,22.0
0,10,15,2.7075,-0.5117,3.927,True,35,1.5,32.0
0,10,16,3.0182,-0.75,4.1888,False,0,1.5,-9999.0
0,10,17,3.38,-0.8999,4.4506,False,0,1.5,-9999.0
0,10,18,3.7682,-0.951,4.7124,False,0,1.5,-9999.0
0,10,19,4.1564,-0.8999,4.9742,True,76,1.5,73.0
0,10,20,4.5182,-0.75,5.236,True,77,1.5,74.0
0,10,21,4.8289,-0.5117,5.4978,True,62,1.5,59.0
0,10,22,5.0672,-0.201,5.7596,True,42,1.5,39.0
0,10,23,5.2171,0.1608,6.0214,True,23,1.5,20.0
0,11,0,6.0182,-0.75,0.0,False,0,1.5,-9999.0
0,11,1,5.9671,-0.3618,0.2618,False,0,1.5,-9999.0
0,11,2,5.8172,-0.0,0.5236,True,2,1.5,-1.0
0,11,3,5.5789,0.3107,0.7854,True,1,1.5,-2.0
0,11,4,5.2682,0.549,1.0472,True,0,1.5,-3.0
0,11,5,4.9064,0.6989,1.309,True,0,1.5,-3.0
0,11,6,4.5182,0.75,1.5708,True,0,1.5,-3.0
0,11,7,4.13,0.6989,1.8326,True,0,1.5,-3.0
0,11,8,3.7682,0.549,2.0944,True,0,1.5,-3.0
0,11,9,3.4575,0.3107,2.3562,True,4,1.5,1.0
0,11,10,3.2192,-0.0,2.618,True,9,1.5,6.0
0,11,11,3.0693,-0.3618,2.8798,True,16,1.5,13.0
0,11,12,3.0182,-0.75,3.1416,True,4,1.5,1.0
0,11,13,3.0693,-1.1382,3.4034,False,0,1.5,-9999.0
0,11,14,3.2192,-1.5,3.6652,False,0,1.5,-9999.0
0,11,15,3.4575,-1.8107,3.927,False,0,1.5,-9999.0
0,11,16,3.7682,-2.049,4.1888,True,97,1.5,94.0
0,11,17,4.13,-2.1989,4.4506,True,95,1.5,92.0
0,11,18,4.5182,-2.25,4.7124,True,85,1.5,82.0
0,11,19,4.9064,-2.1989,4.9742,True,71,1.5,68.0
0,11,20,5.2682,-2.049,5.236,True,54,1.5,51.0
0,11,21,5.5789,-1.8107,5.4978,True,35,1.5,32.0
0,11,22,5.8172,-1.5,5.7596,True,22,1.5,19.0
0,11,23,5.9671,-1.1382,6.0214,False,0,1.5,-9999.0
0,12,0,5.2682,-2.049,0.0,True,1,1.5,-2.0
0,12,1,5.2171,-1.6608,0.2618,True,1,1.5,-2.0
0,12,2,5.0672,-1.299,0.5236,True,1,1.5,-2.0
0,12,3,4.8289,-0.9883,0.7854,True,1,1.5,-2.0
0,12,4,4.5182,-0.75,1.0472,True,0,1.5,-3.0
0,12,5,4.1564,-0.6001,1.309,True,0,1.5,-3.0
0,12,6,3.7682,-0.549,1.5708,False,0,1.5,-9999.0
0,12,7,3.38,-0.6001,1.8326,False,0,1.5,-9999.0
0,12,8,3.0182,-0.75,2.0944,False,0,1.5,-9999.0
0,12,9,2.7075,-0.9883,2.3562,False,0,1.5,-9999.0
0,12,10,2.4692,-1.299,2.618,False,0,1.5,-9999.0
0,12,11,2.3193,-1.6608,2.8798,True,18,1.5,15.0
0,12,12,2.2682,-2.049,3.1416,True,7,1.5,4.0
0,12,13,2.3193,-2.4372,3.4034,True,37,1.5,34.0
0,12,14,2.4692,-2.799,3.6652,True,56,1.5,53.0
0,12,15,2.7075,-3.1097,3.927,True,53,1.5,50.0
0,12,16,3.0182,-3.348,4.1888,True,40,1.5,37.0
0,12,17,3.38,-3.4979,4.4506,True,24,1.5,21.0
0,12,18,3.7682,-3.549,4.7124,True,14,1.5,11.0
0,12,19,4.1564,-3.4979,4.9742,True,4,1.5,1.0
0,12,20,4.5182,-3.348,5.236,True,2,1.5,-1.0
0,12,21,4.8289,-3.1097,5.4978,True,3,1.5,0.0
0,12,22,5.0672,-2.799,5.7596,True,1,1.5,-2.0
0,12,23,5.2171,-2.4372,6.0214,True,1,1.5,-2.0
0,13,0,3.9692,-2.799,0.0,True,1,1.5,-2.0
0,13,1,3.9181,-2.4108,0.2618,True,1,1.5,-2.0
0,13,2,3.7682,-2.049,0.5236,True,0,1.5,-3.0
0,13,3,3.5299,-1.7383,0.7854,True,1,1.5,-2.0
0,13,4,3.2192,-1.5,1.0472,False,0,1.5,-9999.0
0,13,5,2.8574,-1.3501,1.309,True,6,1.5,3.0
0,13,6,2.4692,-1.299,1.5708,True,7,1.5,4.0
0,13,7,2.081,-1.3501,1.8326,True,7,1.5,4.0
0,13,8,1.7192,-1.5,2.0944,False,0,1.5,-9999.0
0,13,9,1.4085,-1.7383,2.3562,False,0,1.5,-9999.0
0,13,10,1.1702,-2.049,2.618,False,0,1.5,-9999.0
0,13,11,1.0203,-2.4108,2.8798,True,125,1.5,122.0
0,13,12,0.9692,-2.799,3.1416,True,113,1.5,110.0
0,13,13,1.0203,-3.1872,3.4034,True,98,1.5,95.0
0,13,14,1.1702,-3.549,3.6652,True,79,1.5,76.0
0,13,15,1.4085,-3.8597,3.927,True,60,1.5,57.0
0,13,16,1.7192,-4.098,4.1888,False,0,1.5,-9999.0
0,13,17,2.081,-4.2479,4.4506,False,0,1.5,-9999.0
0,13,18,2.4692,-4.299,4.7124,False,0,1.5,-9999.0
0,13,19,2.8574,-4.2479,4.9742,False,0,1.5,-9999.0
0,13,20,3.2192,-4.098,5.236,False,0,1.5,-9999.0
0,13,21,3.5299,-3.8597,5.4978,True,4,1.5,1.0
0,13,22,3.7682,-3.549,5.7596,True,2,1.5,-1.0
0,13,23,3.9181,-3.1872,6.0214,True,1,1.5,-2.0
0,14,0,2.5203,-2.4108,0.0,False,0,1.5,-9999.0
0,14,1,2.4692,-2.0226,0.2618,False,0,1.5,-9999.0
0,14,2,2.3193,-1.6608,0.5236,False,0,1.5,-9999.0
0,14,3,2.081,-1.3501,0.7854,False,0,1.5,-9999.0
0,14,4,1.7703,-1.1118,1.0472,True,13,1.5,10.0
0,14,5,1.4085,-0.9619,1.309,True,23,1.5,20.0
0,14,6,1.0203,-0.9108,1.5708,True,28,1.5,25.0
0,14,7,0.6321,-0.9619,1.8326,True,33,1.5,30.0
0,14,8,0.2703,-1.1118,2.0944,True,33,1.5,30.0
0,14,9,-0.0404,-1.3501,2.3562,True,34,1.5,31.0
0,14,10,-0.2787,-1.6608,2.618,True,41,1.5,38.0
0,14,11,-0.4286,-2.0226,2.8798,True,36,1.5,33.0
0,14,12,-0.4797,-2.4108,3.1416,True,31,1.5,28.0
0,14,13,-0.4286,-2.799,3.4034,True,25,1.5,22.0
0,14,14,-0.2787,-3.1608,3.6652,True,14,1.5,11.0
0,14,15,-0.0404,-3.4715,3.927,True,7,1.5,4.0
0,14,16,0.2703,-3.7098,4.1888,True,5,1.5,2.0
0,14,17,0.6321,-3.8597,4.4506,True,4,1.5,1.0
0,14,18,1.0203,-3.9108,4.7124,True,2,1.5,-1.0
0,14,19,1.4085,-3.8597,4.9742,True,0,1.5,-3.0
0,14,20,1.7703,-3.7098,5.236,True,2,1.5,-1.0
0,14,21,2.081,-3.4715,5.4978,True,1,1.5,-2.0
0,14,22,2.3193,-3.1608,5.7596,True,0,1.5,-3.0
0,14,23,2.4692,-2.799,6.0214,True,0,1.5,-3.0
0,15,0,1.2213,-1.6608,0.0,True,0,1.5,-3.0
0,15,1,1.1702,-1.2726,0.2618,True,0,1.5,-3.0
0,15,2,1.0203,-0.9108,0.5236,True,0,1.5,-3.0
0,15,3,0.782,-0.6001,0.7854,True,0,1.5,-3.0
0,15,4,0.4713,-0.3618,1.0472,True,0,1.5,-3.0
0,15,5,0.1095,-0.2119,1.309,True,0,1.5,-3.0
0,15,6,-0.2787,-0.1608,1.5708,True,0,1.5,-3.0
0,15,7,-0.6669,-0.2119,1.8326,True,0,1.5,-3.0
0,15,8,-1.0287,-0.3618,2.0944,True,0,1.5,-3.0
0,15,9,-1.3394,-0.6001,2.3562,True,0,1.5,-3.0
0,15,10,-1.5777,-0.9108,2.618,True,0,1.5,-3.0
0,15,11,-1.7276,-1.2726,2.8798,True,1,1.5,-2.0
0,15,12,-1.7787,-1.6608,3.1416,True,1,1.5,-2.0
0,15,13,-1.7276,-2.049,3.4034,True,2,1.5,-1.0
0,15,14,-1.5777,-2.4108,3.6652,True,2,1.5,-1.0
0,15,15,-1.3394,-2.7215,3.927,True,2,1.5,-1.0
0,15,16,-1.0287,-2.9598,4.1888,True,2,1.5,-1.0
0,15,17,-0.6669,-3.1097,4.4506,True,0,1.5,-3.0
0,15,18,-0.2787,-3.1608,4.7124,True,0,1.5,-3.0
0,15,19,0.1095,-3.1097,4.9742,True,0,1.5,-3.0
0,15,20,0.4713,-2.9598,5.236,True,0,1.5,-3.0
0,15,21,0.782,-2.7215,5.4978,True,0,1.5,-3.0
0,15,22,1.0203,-2.4108,5.7596,True,0,1.5,-3.0
0,15,23,1.1702,-2.049,6.0214,True,0,1.5,-3.0
1,0,0,-3.3,2.8,0.0,True,65,1.5,62.0
1,0,1,-3.3511,3.1882,0.2618,True,59,1.5,56.0
1,0,2,-3.501,3.55,0.5236,True,44,1.5,41.0
1,0,3,-3.7393,3.8607,0.7854,True,30,1.5,27.0
1,0,4,-4.05,4.099,1.0472,False,0,1.5,-9999.0
1,0,5,-4.4118,4.2489,1.309,False,0,1.5,-9999.0
1,0,6,-4.8,4.3,1.5708,False,0,1.5,-9999.0
1,0,7,-5.1882,4.2489,1.8326,False,0,1.5,-9999.0
1,0,8,-5.55,4.099,2.0944,False,0,1.5,-9999.0
1,0,9,-5.8607,3.8607,2.3562,True,0,1.5,-3.0
1,0,10,-6.099,3.55,2.618,False,0,1.5,-9999.0
1,0,11,-6.2489,3.1882,2.8798,False,0,1.5,-9999.0
1,0,12,-6.3,2.8,3.1416,False,0,1.5,-9999.0
1,0,13,-6.2489,2.4118,3.4034,False,0,1.5,-9999.0
1,0,14,-6.099,2.05,3.6652,False,0,1.5,-9999.0
1,0,15,-5.8607,1.7393,3.927,True,32,1.5,29.0
1,0,16,-5.55,1.501,4.1888,True,52,1.5,49.0
1,0,17,-5.1882,1.3511,4.4506,True,76,1.5,73.0
1,0,18,-4.8,1.3,4.7124,True,96,1.5,93.0
1,0,19,-4.4118,1.3511,4.9742,True,114,1.5,111.0
1,0,20,-4.05,1.501,5.236,True,116,1.5,113.0
1,0,21,-3.7393,1.7393,5.4978,True,108,1.5,105.0
1,0,22,-3.501,2.05,5.7596,True,92,1.5,89.0
1,0,23,-3.3511,2.4118,6.0214,True,81,1.5,78.0
1,1,0,-2.55,1.501,0.0,True,19,1.5,16.0
1,1,1,-2.6011,1.8892,0.2618,True,21,1.5,18.0
1,1,2,-2.751,2.251,0.5236,True,30,1.5,27.0
1,1,3,-2.9893,2.5617,0.7854,True,40,1.5,37.0
1,1,4,-3.3,2.8,1.0472,True,32,1.5,29.0
1,1,5,-3.6618,2.9499,1.309,True,25,1.5,22.0
1,1,6,-4.05,3.001,1.5708,True,11,1.5,8.0
1,1,7,-4.4382,2.9499,1.8326,True,4,1.5,1.0
1,1,8,-4.8,2.8,2.0944,True,0,1.5,-3.0
1,1,9,-5.1107,2.5617,2.3562,True,0,1.5,-3.0
1,1,10,-5.349,2.251,2.618,True,0,1.5,-3.0
1,1,11,-5.4989,1.8892,2.8798,True,1,1.5,-2.0
1,1,12,-5.55,1.501,3.1416,True,6,1.5,3.0
1,1,13,-5.4989,1.1128,3.4034,True,14,1.5,11.0
1,1,14,-5.349,0.751,3.6652,True,29,1.5,26.0
1,1,15,-5.1107,0.4403,3.927,True,49,1.5,46.0
1,1,16,-4.8,0.202,4.1888,True,70,1.5,67.0
1,1,17,-4.4382,0.0521,4.4506,True,90,1.5,87.0
1,1,18,-4.05,0.001,4.7124,True,102,1.5,99.0
1,1,19,-3.6618,0.0521,4.9742,True,94,1.5,91.0
1,1,20,-3.3,0.202,5.236,True,79,1.5,76.0
1,1,21,-2.9893,0.4403,5.4978,True,58,1.5,55.0
1,1,22,-2.751,0.751,5.7596,True,33,1.5,30.0
1,1,23,-2.6011,1.1128,6.0214,True,24,1.5,21.0
1,2,0,-2.55,0.001,0.0,True,8,1.5,5.0
1,2,1,-2.6011,0.3892,0.2618,True,5,1.5,2.0
1,2,2,-2.751,0.751,0.5236,True,0,1.5,-3.0
1,2,3,-2.9893,1.0617,0.7854,True,7,1.5,4.0
1,2,4,-3.3,1.3,1.0472,True,6,1.5,3.0
1,2,5,-3.6618,1.4499,1.309,True,4,1.5,1.0
1,2,6,-4.05,1.501,1.5708,True,0,1.5,-3.0
1,2,7,-4.4382,1.4499,1.8326,True,0,1.5,-3.0
1,2,8,-4.8,1.3,2.0944,True,0,1.5,-3.0
1,2,9,-5.1107,1.0617,2.3562,True,0,1.5,-3.0
1,2,10,-5.349,0.751,2.618,True,0,1.5,-3.0
1,2,11,-5.4989,0.3892,2.8798,True,1,1.5,-2.0
1,2,12,-5.55,0.001,3.1416,True,6,1.5,3.0
1,2,13,-5.4989,-0.3872,3.4034,True,14,1.5,11.0
1,2,14,-5.349,-0.749,3.6652,True,29,1.5,26.0
1,2,15,-5.1107,-1.0597,3.927,True,49,1.5,46.0
1,2,16,-4.8,-1.298,4.1888,True,70,1.5,67.0
1,2,17,-4.4382,-1.4479,4.4506,True,90,1.5,87.0
1,2,18,-4.05,-1.499,4.7124,True,100,1.5,97.0
1,2,19,-3.6618,-1.4479,4.9742,True,98,1.5,95.0
1,2,20,-3.3,-1.298,5.236,True,84,1.5,81.0
1,2,21,-2.9893,-1.0597,5.4978,True,63,1.5,60.0
1,2,22,-2.751,-0.749,5.7596,True,36,1.5,33.0
1,2,23,-2.6011,-0.3872,6.0214,True,22,1.5,19.0
1,3,0,-2.55,-1.499,0.0,True,12,1.5,9.0
1,3,1,-2.6011,-1.1108,0.2618,True,9,1.5,6.0
1,3,2,-2.751,-0.749,0.5236,True,0,1.5,-3.0
1,3,3,-2.9893,-0.4383,0.7854,True,4,1.5,1.0
1,3,4,-3.3,-0.2,1.0472,True,0,1.5,-3.0
1,3,5,-3.6618,-0.0501,1.309,True,0,1.5,-3.0
1,3,6,-4.05,0.001,1.5708,True,0,1.5,-3.0
1,3,7,-4.4382,-0.0501,1.8326,True,0,1.5,-3.0
1,3,8,-4.8,-0.2,2.0944,True,0,1.5,-3.0
1,3,9,-5.1107,-0.4383,2.3562,True,0,1.5,-3.0
1,3,10,-5.349,-0.749,2.618,True,0,1.5,-3.0
1,3,11,-5.4989,-1.1108,2.8798,True,1,1.5,-2.0
1,3,12,-5.55,-1.499,3.1416,True,3,1.5,0.0
1,3,13,-5.4989,-1.8872,3.4034,True,3,1.5,0.0
1,3,14,-5.349,-2.249,3.6652,True,3,1.5,0.0
1,3,15,-5.1107,-2.5597,3.927,True,4,1.5,1.0
1,3,16,-4.8,-2.798,4.1888,True,6,1.5,3.0
1,3,17,-4.4382,-2.9479,4.4506,True,9,1.5,6.0
1,3,18,-4.05,-2.999,4.7124,True,13,1.5,10.0
1,3,19,-3.6618,-2.9479,4.9742,True,28,1.5,25.0
1,3,20,-3.3,-2.798,5.236,True,35,1.5,32.0
1,3,21,-2.9893,-2.5597,5.4978,True,42,1.5,39.0
1,3,22,-2.751,-2.249,5.7596,True,31,1.5,28.0
1,3,23,-2.6011,-1.8872,6.0214,True,21,1.5,18.0
1,4,0,-1.4893,-2.5597,0.0,False,0,1.5,-9999.0
1,4,1,-1.5404,-2.1715,0.2618,False,0,1.5,-9999.0
1,4,2,-1.6903,-1.8097,0.5236,False,0,1.5,-9999.0
1,4,3,-1.9286,-1.499,0.7854,False,0,1.5,-9999.0
1,4,4,-2.2393,-1.2607,1.0472,True,1,1.5,-2.0
1,4,5,-2.6011,-1.1108,1.309,True,6,1.5,3.0
1,4,6,-2.9893,-1.0597,1.5708,True,4,1.5,1.0
1,4,7,-3.3775,-1.1108,1.8326,True,0,1.5,-3.0
1,4,8,-3.7393,-1.2607,2.0944,True,0,1.5,-3.0
1,4,9,-4.05,-1.499,2.3562,True,0,1.5,-3.0
1,4,10,-4.2883,-1.8097,2.618,True,4,1.5,1.0
1,4,11,-4.4382,-2.1715,2.8798,True,5,1.5,2.0
1,4,12,-4.4893,-2.5597,3.1416,True,5,1.5,2.0
1,4,13,-4.4382,-2.9479,3.4034,True,4,1.5,1.0
1,4,14,-4.2883,-3.3097,3.6652,True,2,1.5,-1.0
1,4,15,-4.05,-3.6204,3.927,True,4,1.5,1.0
1,4,16,-3.7393,-3.8587,4.1888,True,5,1.5,2.0
1,4,17,-3.3775,-4.0086,4.4506,False,0,1.5,-9999.0
1,4,18,-2.9893,-4.0597,4.7124,False,0,1.5,-9999.0
1,4,19,-2.6011,-4.0086,4.9742,False,0,1.5,-9999.0
1,4,20,-2.2393,-3.8587,5.236,True,48,1.5,45.0
1,4,21,-1.9286,-3.6204,5.4978,True,74,1.5,71.0
1,4,22,-1.6903,-3.3097,5.7596,True,99,1.5,96.0
1,4,23,-1.5404,-2.9479,6.0214,True,128,1.5,125.0
1,5,0,-0.0404,-2.9479,0.0,True,88,1.5,85.0
1,5,1,-0.0915,-2.5597,0.2618,True,104,1.5,101.0
1,5,2,-0.2414,-2.1979,0.5236,True,122,1.5,119.0
1,5,3,-0.4797,-1.8872,0.7854,True,127,1.5,124.0
1,5,4,-0.7904,-1.6489,1.0472,True,119,1.5,116.0
1,5,5,-1.1522,-1.499,1.309,True,99,1.5,96.0
1,5,6,-1.5404,-1.4479,1.5708,True,74,1.5,71.0
1,5,7,-1.9286,-1.499,1.8326,True,54,1.5,51.0
1,5,8,-2.2904,-1.6489,2.0944,False,0,1.5,-9999.0
1,5,9,-2.6011,-1.8872,2.3562,False,0,1.5,-9999.0
1,5,10,-2.8394,-2.1979,2.618,True,0,1.5,-3.0
1,5,11,-2.9893,-2.5597,2.8798,True,0,1.5,-3.0
1,5,12,-3.0404,-2.9479,3.1416,True,0,1.5,-3.0
1,5,13,-2.9893,-3.3361,3.4034,True,1,1.5,-2.0
1,5,14,-2.8394,-3.6979,3.6652,True,0,1.5,-3.0
1,5,15,-2.6011,-4.0086,3.927,False,0,1.5,-9999.0
1,5,16,-2.2904,-4.2469,4.1888,False,0,1.5,-9999.0
1,5,17,-1.9286,-4.3968,4.4506,False,0,1.5,-9999.0
1,5,18,-1.5404,-4.4479,4.7124,False,0,1.5,-9999.0
1,5,19,-1.1522,-4.3968,4.9742,False,0,1.5,-9999.0
1,5,20,-0.7904,-4.2469,5.236,False,0,1.5,-9999.0
1,5,21,-0.4797,-4.0086,5.4978,False,0,1.5,-9999.0
1,5,22,-0.2414,-3.6979,5.7596,True,48,1.5,45.0
1,5,23,-0.0915,-3.3361,6.0214,True,67,1.5,64.0
1,6,0,1.0203,-1.8872,0.0,True,45,1.5,42.0
1,6,1,0.9692,-1.499,0.2618,True,46,1.5,43.0
1,6,2,0.8193,-1.1372,0.5236,True,48,1.5,45.0
1,6,3,0.581,-0.8265,0.7854,True,53,1.5,50.0
1,6,4,0.2703,-0.5882,1.0472,True,60,1.5,57.0
1,6,5,-0.0915,-0.4383,1.309,True,61,1.5,58.0
1,6,6,-0.4797,-0.3872,1.5708,True,61,1.5,58.0
1,6,7,-0.8679,-0.4383,1.8326,True,54,1.5,51.0
1,6,8,-1.2297,-0.5882,2.0944,True,39,1.5,36.0
1,6,9,-1.5404,-0.8265,2.3562,True,29,1.5,26.0
1,6,10,-1.7787,-1.1372,2.618,True,19,1.5,16.0
1,6,11,-1.9286,-1.499,2.8798,True,9,1.5,6.0
1,6,12,-1.9797,-1.8872,3.1416,False,0,1.5,-9999.0
1,6,13,-1.9286,-2.2754,3.4034,True,0,1.5,-3.0
1,6,14,-1.7787,-2.6372,3.6652,True,0,1.5,-3.0
1,6,15,-1.5404,-2.9479,3.927,True,0,1.5,-3.0
1,6,16,-1.2297,-3.1862,4.1888,True,0,1.5,-3.0
1,6,17,-0.8679,-3.3361,4.4506,True,1,1.5,-2.0
1,6,18,-0.4797,-3.3872,4.7124,True,8,1.5,5.0
1,6,19,-0.0915,-3.3361,4.9742,True,15,1.5,12.0
1,6,20,0.2703,-3.1862,5.236,True,26,1.5,23.0
1,6,21,0.581,-2.9479,5.4978,True,35,1.5,32.0
1,6,22,0.8193,-2.6372,5.7596,True,39,1.5,36.0
1,6,23,0.9692,-2.2754,6.0214,True,39,1.5,36.0
1,7,0,1.4085,-0.4383,0.0,True,23,1.5,20.0
1,7,1,1.3574,-0.0501,0.2618,True,20,1.5,17.0
1,7,2,1.2075,0.3117,0.5236,True,35,1.5,32.0
1,7,3,0.9692,0.6224,0.7854,True,44,1.5,41.0
1,7,4,0.6585,0.8607,1.0472,True,24,1.5,21.0
1,7,5,0.2967,1.0106,1.309,False,0,1.5,-9999.0
1,7,6,-0.0915,1.0617,1.5708,False,0,1.5,-9999.0
1,7,7,-0.4797,1.0106,1.8326,False,0,1.5,-9999.0
1,7,8,-0.8415,0.8607,2.0944,True,39,1.5,36.0
1,7,9,-1.1522,0.6224,2.3562,True,37,1.5,34.0
1,7,10,-1.3905,0.3117,2.618,True,29,1.5,26.0
1,7,11,-1.5404,-0.0501,2.8798,True,20,1.5,17.0
1,7,12,-1.5915,-0.4383,3.1416,True,12,1.5,9.0
1,7,13,-1.5404,-0.8265,3.4034,True,4,1.5,1.0
1,7,14,-1.3905,-1.1883,3.6652,True,2,1.5,-1.0
1,7,15,-1.1522,-1.499,3.927,True,1,1.5,-2.0
1,7,16,-0.8415,-1.7373,4.1888,True,0,1.5,-3.0
1,7,17,-0.4797,-1.8872,4.4506,True,0,1.5,-3.0
1,7,18,-0.0915,-1.9383,4.7124,True,9,1.5,6.0
1,7,19,0.2967,-1.8872,4.9742,True,16,1.5,13.0
1,7,20,0.6585,-1.7373,5.236,True,20,1.5,17.0
1,7,21,0.9692,-1.499,5.4978,True,16,1.5,13.0
1,7,22,1.2075,-1.1883,5.7596,True,9,1.5,6.0
1,7,23,1.3574,-0.8265,6.0214,True,7,1.5,4.0
1,8,0,2.4692,0.6224,0.0,False,0,1.5,-9999.0
1,8,1,2.4181,1.0106,0.2618,False,0,1.5,-9999.0
1,8,2,2.2682,1.3724,0.5236,False,0,1.5,-9999.0
1,8,3,2.0299,1.6831,0.7854,False,0,1.5,-9999.0
1,8,4,1.7192,1.9214,1.0472,True,69,1.5,66.0
1,8,5,1.3574,2.0713,1.309,True,97,1.5,94.0
1,8,6,0.9692,2.1224,1.5708,True,117,1.5,114.0
1,8,7,0.581,2.0713,1.8326,False,0,1.5,-9999.0
1,8,8,0.2192,1.9214,2.0944,False,0,1.5,-9999.0
1,8,9,-0.0915,1.6831,2.3562,False,0,1.5,-9999.0
1,8,10,-0.3298,1.3724,2.618,False,0,1.5,-9999.0
1,8,11,-0.4797,1.0106,2.8798,False,0,1.5,-9999.0
1,8,12,-0.5308,0.6224,3.1416,True,6,1.5,3.0
1,8,13,-0.4797,0.2342,3.4034,True,11,1.5,8.0
1,8,14,-0.3298,-0.1276,3.6652,True,7,1.5,4.0
1,8,15,-0.0915,-0.4383,3.927,True,0,1.5,-3.0
1,8,16,0.2192,-0.6766,4.1888,True,0,1.5,-3.0
1,8,17,0.581,-0.8265,4.4506,True,1,1.5,-2.0
1,8,18,0.9692,-0.8776,4.7124,True,2,1.5,-1.0
1,8,19,1.3574,-0.8265,4.9742,True,2,1.5,-1.0
1,8,20,1.7192,-0.6766,5.236,True,1,1.5,-2.0
1,8,21,2.0299,-0.4383,5.4978,False,0,1.5,-9999.0
1,8,22,2.2682,-0.1276,5.7596,False,0,1.5,-9999.0
1,8,23,2.4181,0.2342,6.0214,False,0,1.5,-9999.0
1,9,0,2.4692,2.1224,0.0,False,0,1.5,-9999.0
1,9,1,2.4181,2.5106,0.2618,False,0,1.5,-9999.0
1,9,2,2.2682,2.8724,0.5236,True,136,1.5,133.0
1,9,3,2.0299,3.1831,0.7854,True,108,1.5,105.0
1,9,4,1.7192,3.4214,1.0472,True,72,1.5,69.0
1,9,5,1.3574,3.5713,1.309,True,47,1.5,44.0
1,9,6,0.9692,3.6224,1.5708,True,38,1.5,35.0
1,9,7,0.581,3.5713,1.8326,True,28,1.5,25.0
1,9,8,0.2192,3.4214,2.0944,True,19,1.5,16.0
1,9,9,-0.0915,3.1831,2.3562,True,16,1.5,13.0
1,9,10,-0.3298,2.8724,2.618,True,17,1.5,14.0
1,9,11,-0.4797,2.5106,2.8798,True,17,1.5,14.0
1,9,12,-0.5308,2.1224,3.1416,True,17,1.5,14.0
1,9,13,-0.4797,1.7342,3.4034,False,0,1.5,-9999.0
1,9,14,-0.3298,1.3724,3.6652,False,0,1.5,-9999.0
1,9,15,-0.0915,1.0617,3.927,False,0,1.5,-9999.0
1,9,16,0.2192,0.8234,4.1888,False,0,1.5,-9999.0
1,9,17,0.581,0.6735,4.4506,False,0,1.5,-9999.0
1,9,18,0.9692,0.6224,4.7124,True,0,1.5,-3.0
1,9,19,1.3574,0.6735,4.9742,True,0,1.5,-3.0
1,9,20,1.7192,0.8234,5.236,True,0,1.5,-3.0
1,9,21,2.0299,1.0617,5.4978,False,0,1.5,-9999.0
1,9,22,2.2682,1.3724,5.7596,False,0,1.5,-9999.0
1,9,23,2.4181,1.7342,6.0214,False,0,1.5,-9999.0
1,10,0,3.7682,2.8724,0.0,True,83,1.5,80.0
1,10,1,3.7171,3.2606,0.2618,True,61,1.5,58.0
1,10,2,3.5672,3.6224,0.5236,True,45,1.5,42.0
1,10,3,3.3289,3.9331,0.7854,False,0,1.5,-9999.0
1,10,4,3.0182,4.1714,1.0472,False,0,1.5,-9999.0
1,10,5,2.6564,4.3213,1.309,False,0,1.5,-9999.0
1,10,6,2.2682,4.3724,1.5708,False,0,1.5,-9999.0
1,10,7,1.88,4.3213,1.8326,False,0,1.5,-9999.0
1,10,8,1.5182,4.1714,2.0944,False,0,1.5,-9999.0
1,10,9,1.2075,3.9331,2.3562,False,0,1.5,-9999.0
1,10,10,0.9692,3.6224,2.618,True,10,1.5,7.0
1,10,11,0.8193,3.2606,2.8798,True,10,1.5,7.0
1,10,12,0.7682,2.8724,3.1416,True,9,1.5,6.0
1,10,13,0.8193,2.4842,3.4034,True,7,1.5,4.0
1,10,14,0.9692,2.1224,3.6652,True,0,1.5,-3.0
1,10,15,1.2075,1.8117,3.927,True,0,1.5,-3.0
1,10,16,1.5182,1.5734,4.1888,False,0,1.5,-9999.0
1,10,17,1.88,1.4235,4.4506,False,0,1.5,-9999.0
1,10,18,2.2682,1.3724,4.7124,True,65,1.5,62.0
1,10,19,2.6564,1.4235,4.9742,True,84,1.5,81.0
1,10,20,3.0182,1.5734,5.236,True,108,1.5,105.0
1,10,21,3.3289,1.8117,5.4978,True,126,1.5,123.0
1,10,22,3.5672,2.1224,5.7596,True,125,1.5,122.0
1,10,23,3.7171,2.4842,6.0214,True,106,1.5,103.0
1,11,0,4.8289,1.8117,0.0,True,28,1.5,25.0
1,11,1,4.7778,2.1999,0.2618,True,22,1.5,19.0
1,11,2,4.6279,2.5617,0.5236,True,16,1.5,13.0
1,11,3,4.3896,2.8724,0.7854,True,12,1.5,9.0
1,11,4,4.0789,3.1107,1.0472,True,10,1.5,7.0
1,11,5,3.7171,3.2606,1.309,True,9,1.5,6.0
1,11,6,3.3289,3.3117,1.5708,True,9,1.5,6.0
1,11,7,2.9407,3.2606,1.8326,True,1,1.5,-2.0
1,11,8,2.5789,3.1107,2.0944,True,0,1.5,-3.0
1,11,9,2.2682,2.8724,2.3562,True,0,1.5,-3.0
1,11,10,2.0299,2.5617,2.618,False,0,1.5,-9999.0
1,11,11,1.88,2.1999,2.8798,False,0,1.5,-9999.0
1,11,12,1.8289,1.8117,3.1416,False,0,1.5,-9999.0
1,11,13,1.88,1.4235,3.4034,False,0,1.5,-9999.0
1,11,14,2.0299,1.0617,3.6652,False,0,1.5,-9999.0
1,11,15,2.2682,0.751,3.927,True,17,1.5,14.0
1,11,16,2.5789,0.5127,4.1888,True,30,1.5,27.0
1,11,17,2.9407,0.3628,4.4506,True,42,1.5,39.0
1,11,18,3.3289,0.3117,4.7124,True,59,1.5,56.0
1,11,19,3.7171,0.3628,4.9742,True,71,1.5,68.0
1,11,20,4.0789,0.5127,5.236,True,72,1.5,69.0
1,11,21,4.3896,0.751,5.4978,True,65,1.5,62.0
1,11,22,4.6279,1.0617,5.7596,True,50,1.5,47.0
1,11,23,4.7778,1.4235,6.0214,True,44,1.5,41.0
1,12,0,5.5789,0.5127,0.0,True,8,1.5,5.0
1,12,1,5.5278,0.9009,0.2618,True,3,1.5,0.0
1,12,2,5.3779,1.2627,0.5236,True,7,1.5,4.0
1,12,3,5.1396,1.5734,0.7854,True,7,1.5,4.0
1,12,4,4.8289,1.8117,1.0472,True,10,1.5,7.0
1,12,5,4.4671,1.9616,1.309,True,12,1.5,9.0
1,12,6,4.0789,2.0127,1.5708,True,13,1.5,10.0
1,12,7,3.6907,1.9616,1.8326,True,10,1.5,7.0
1,12,8,3.3289,1.8117,2.0944,True,0,1.5,-3.0
1,12,9,3.0182,1.5734,2.3562,True,0,1.5,-3.0
1,12,10,2.7799,1.2627,2.618,True,3,1.5,0.0
1,12,11,2.63,0.9009,2.8798,True,6,1.5,3.0
1,12,12,2.5789,0.5127,3.1416,True,14,1.5,11.0
1,12,13,2.63,0.1245,3.4034,True,18,1.5,15.0
1,12,14,2.7799,-0.2373,3.6652,True,24,1.5,21.0
1,12,15,3.0182,-0.548,3.927,True,12,1.5,9.0
1,12,16,3.3289,-0.7863,4.1888,False,0,1.5,-9999.0
1,12,17,3.6907,-0.9362,4.4506,False,0,1.5,-9999.0
1,12,18,4.0789,-0.9873,4.7124,True,70,1.5,67.0
1,12,19,4.4671,-0.9362,4.9742,True,79,1.5,76.0
1,12,20,4.8289,-0.7863,5.236,True,71,1.5,68.0
1,12,21,5.1396,-0.548,5.4978,True,52,1.5,49.0
1,12,22,5.3779,-0.2373,5.7596,True,36,1.5,33.0
1,12,23,5.5278,0.1245,6.0214,True,17,1.5,14.0
1,13,0,5.9671,-0.9362,0.0,False,0,1.5,-9999.0
1,13,1,5.916,-0.548,0.2618,True,1,1.5,-2.0
1,13,2,5.7661,-0.1862,0.5236,True,1,1.5,-2.0
1,13,3,5.5278,0.1245,0.7854,True,1,1.5,-2.0
1,13,4,5.2171,0.3628,1.0472,True,0,1.5,-3.0
1,13,5,4.8553,0.5127,1.309,True,0,1.5,-3.0
1,13,6,4.4671,0.5638,1.5708,True,0,1.5,-3.0
1,13,7,4.0789,0.5127,1.8326,True,0,1.5,-3.0
1,13,8,3.7171,0.3628,2.0944,True,2,1.5,-1.0
1,13,9,3.4064,0.1245,2.3562,True,3,1.5,0.0
1,13,10,3.1681,-0.1862,2.618,True,9,1.5,6.0
1,13,11,3.0182,-0.548,2.8798,True,12,1.5,9.0
1,13,12,2.9671,-0.9362,3.1416,False,0,1.5,-9999.0
1,13,13,3.0182,-1.3244,3.4034,False,0,1.5,-9999.0
1,13,14,3.1681,-1.6862,3.6652,False,0,1.5,-9999.0
1,13,15,3.4064,-1.9969,3.927,False,0,1.5,-9999.0
1,13,16,3.7171,-2.2352,4.1888,True,75,1.5,72.0
1,13,17,4.0789,-2.3851,4.4506,True,73,1.5,70.0
1,13,18,4.4671,-2.4362,4.7124,True,70,1.5,67.0
1,13,19,4.8553,-2.3851,4.9742,True,63,1.5,60.0
1,13,20,5.2171,-2.2352,5.236,True,46,1.5,43.0
1,13,21,5.5278,-1.9969,5.4978,True,31,1.5,28.0
1,13,22,5.7661,-1.6862,5.7596,True,22,1.5,19.0
1,13,23,5.916,-1.3244,6.0214,True,13,1.5,10.0
1,14,0,5.2171,-2.2352,0.0,True,0,1.5,-3.0
1,14,1,5.166,-1.847,0.2618,True,0,1.5,-3.0
1,14,2,5.0161,-1.4852,0.5236,True,0,1.5,-3.0
1,14,3,4.7778,-1.1745,0.7854,True,0,1.5,-3.0
1,14,4,4.4671,-0.9362,1.0472,True,0,1.5,-3.0
1,14,5,4.1053,-0.7863,1.309,True,0,1.5,-3.0
1,14,6,3.7171,-0.7352,1.5708,False,0,1.5,-9999.0
1,14,7,3.3289,-0.7863,1.8326,False,0,1.5,-9999.0
1,14,8,2.9671,-0.9362,2.0944,False,0,1.5,-9999.0
1,14,9,2.6564,-1.1745,2.3562,False,0,1.5,-9999.0
1,14,10,2.4181,-1.4852,2.618,True,4,1.5,1.0
1,14,11,2.2682,-1.847,2.8798,True,4,1.5,1.0
1,14,12,2.2171,-2.2352,3.1416,True,5,1.5,2.0
1,14,13,2.2682,-2.6234,3.4034,True,5,1.5,2.0
1,14,14,2.4181,-2.9852,3.6652,True,2,1.5,-1.0
1,14,15,2.6564,-3.2959,3.927,True,1,1.5,-2.0
1,14,16,2.9671,-3.5342,4.1888,True,1,1.5,-2.0
1,14,17,3.3289,-3.6841,4.4506,True,1,1.5,-2.0
1,14,18,3.7171,-3.7352,4.7124,True,1,1.5,-2.0
1,14,19,4.1053,-3.6841,4.9742,True,1,1.5,-2.0
1,14,20,4.4671,-3.5342,5.236,True,0,1.5,-3.0
1,14,21,4.7778,-3.2959,5.4978,True,0,1.5,-3.0
1,14,22,5.0161,-2.9852,5.7596,True,1,1.5,-2.0
1,14,23,5.166,-2.6234,6.0214,True,0,1.5,-3.0
1,15,0,3.7171,-2.2352,0.0,True,0,1.5,-3.0
1,15,1,3.666,-1.847,0.2618,True,0,1.5,-3.0
1,15,2,3.5161,-1.4852,0.5236,False,0,1.5,-9999.0
1,15,3,3.2778,-1.1745,0.7854,False,0,1.5,-9999.0
1,15,4,2.9671,-0.9362,1.0472,False,0,1.5,-9999.0
1,15,5,2.6053,-0.7863,1.309,True,0,1.5,-3.0
1,15,6,2.2171,-0.7352,1.5708,True,0,1.5,-3.0
1,15,7,1.8289,-0.7863,1.8326,False,0,1.5,-9999.0
1,15,8,1.4671,-0.9362,2.0944,False,0,1.5,-9999.0
1,15,9,1.1564,-1.1745,2.3562,False,0,1.5,-9999.0
1,15,10,0.9181,-1.4852,2.618,False,0,1.5,-9999.0
1,15,11,0.7682,-1.847,2.8798,False,0,1.5,-9999.0
1,15,12,0.7171,-2.2352,3.1416,False,0,1.5,-9999.0
1,15,13,0.7682,-2.6234,3.4034,False,0,1.5,-9999.0
1,15,14,0.9181,-2.9852,3.6652,False,0,1.5,-9999.0
1,15,15,1.1564,-3.2959,3.927,False,0,1.5,-9999.0
1,15,16,1.4671,-3.5342,4.1888,False,0,1.5,-9999.0
1,15,17,1.8289,-3.6841,4.4506,True,0,1.5,-3.0
1,15,18,2.2171,-3.7352,4.7124,True,0,1.5,-3.0
1,15,19,2.6053,-3.6841,4.9742,True,0,1.5,-3.0
1,15,20,2.9671,-3.5342,5.236,True,0,1.5,-3.0
1,15,21,3.2778,-3.2959,5.4978,True,0,1.5,-3.0
1,15,22,3.5161,-2.9852,5.7596,True,0,1.5,-3.0
1,15,23,3.666,-2.6234,6.0214,True,0,1.5,-3.0
2,0,0,-1.9,-0.4,0.0,False,0,1.5,-9999.0
2,0,1,-1.9511,-0.0118,0.2618,False,0,1.5,-9999.0
2,0,2,-2.101,0.35,0.5236,True,19,1.5,16.0
2,0,3,-2.3393,0.6607,0.7854,True,37,1.5,34.0
2,0,4,-2.65,0.899,1.0472,True,57,1.5,54.0
2,0,5,-3.0118,1.0489,1.309,True,83,1.5,80.0
2,0,6,-3.4,1.1,1.5708,True,104,1.5,101.0
2,0,7,-3.7882,1.0489,1.8326,True,106,1.5,103.0
2,0,8,-4.15,0.899,2.0944,True,93,1.5,90.0
2,0,9,-4.4607,0.6607,2.3562,True,73,1.5,70.0
2,0,10,-4.699,0.35,2.618,True,52,1.5,49.0
2,0,11,-4.8489,-0.0118,2.8798,True,38,1.5,35.0
2,0,12,-4.9,-0.4,3.1416,True,33,1.5,30.0
2,0,13,-4.8489,-0.7882,3.4034,True,40,1.5,37.0
2,0,14,-4.699,-1.15,3.6652,True,53,1.5,50.0
2,0,15,-4.4607,-1.4607,3.927,True,71,1.5,68.0
2,0,16,-4.15,-1.699,4.1888,True,86,1.5,83.0
2,0,17,-3.7882,-1.8489,4.4506,True,96,1.5,93.0
2,0,18,-3.4,-1.9,4.7124,True,95,1.5,92.0
2,0,19,-3.0118,-1.8489,4.9742,True,82,1.5,79.0
2,0,20,-2.65,-1.699,5.236,True,59,1.5,56.0
2,0,21,-2.3393,-1.4607,5.4978,True,45,1.5,42.0
2,0,22,-2.101,-1.15,5.7596,True,19,1.5,16.0
2,0,23,-1.9511,-0.7882,6.0214,False,0,1.5,-9999.0
2,1,0,-2.2882,1.0489,0.0,True,8,1.5,5.0
2,1,1,-2.3393,1.4371,0.2618,True,20,1.5,17.0
2,1,2,-2.4892,1.7989,0.5236,True,25,1.5,22.0
2,1,3,-2.7275,2.1096,0.7854,True,48,1.5,45.0
2,1,4,-3.0382,2.3479,1.0472,True,55,1.5,52.0
2,1,5,-3.4,2.4978,1.309,True,57,1.5,54.0
2,1,6,-3.7882,2.5489,1.5708,True,51,1.5,48.0
2,1,7,-4.1764,2.4978,1.8326,True,44,1.5,41.0
2,1,8,-4.5382,2.3479,2.0944,True,35,1.5,32.0
2,1,9,-4.8489,2.1096,2.3562,True,26,1.5,23.0
2,1,10,-5.0872,1.7989,2.618,True,19,1.5,16.0
2,1,11,-5.2371,1.4371,2.8798,True,16,1.5,13.0
2,1,12,-5.2882,1.0489,3.1416,True,9,1.5,6.0
2,1,13,-5.2371,0.6607,3.4034,True,2,1.5,-1.0
2,1,14,-5.0872,0.2989,3.6652,True,2,1.5,-1.0
2,1,15,-4.8489,-0.0118,3.927,True,6,1.5,3.0
2,1,16,-4.5382,-0.2501,4.1888,True,14,1.5,11.0
2,1,17,-4.1764,-0.4,4.4506,True,15,1.5,12.0
2,1,18,-3.7882,-0.4511,4.7124,True,11,1.5,8.0
2,1,19,-3.4,-0.4,4.9742,True,0,1.5,-3.0
2,1,20,-3.0382,-0.2501,5.236,True,0,1.5,-3.0
2,1,21,-2.7275,-0.0118,5.4978,True,6,1.5,3.0
2,1,22,-2.4892,0.2989,5.7596,True,2,1.5,-1.0
2,1,23,-2.3393,0.6607,6.0214,True,5,1.5,2.0
2,2,0,-1.9,2.4978,0.0,False,0,1.5,-9999.0
2,2,1,-1.9511,2.886,0.2618,True,101,1.5,98.0
2,2,2,-2.101,3.2478,0.5236,True,78,1.5,75.0
2,2,3,-2.3393,3.5585,0.7854,True,55,1.5,52.0
2,2,4,-2.65,3.7968,1.0472,True,36,1.5,33.0
2,2,5,-3.0118,3.9467,1.309,False,0,1.5,-9999.0
2,2,6,-3.4,3.9978,1.5708,False,0,1.5,-9999.0
2,2,7,-3.7882,3.9467,1.8326,False,0,1.5,-9999.0
2,2,8,-4.15,3.7968,2.0944,True,2,1.5,-1.0
2,2,9,-4.4607,3.5585,2.3562,True,1,1.5,-2.0
2,2,10,-4.699,3.2478,2.618,True,3,1.5,-0.0
2,2,11,-4.8489,2.886,2.8798,True,5,1.5,2.0
2,2,12,-4.9,2.4978,3.1416,True,4,1.5,1.0
2,2,13,-4.8489,2.1096,3.4034,True,3,1.5,-0.0
2,2,14,-4.699,1.7478,3.6652,True,3,1.5,-0.0
2,2,15,-4.4607,1.4371,3.927,True,2,1.5,-1.0
2,2,16,-4.15,1.1988,4.1888,True,0,1.5,-3.0
2,2,17,-3.7882,1.0489,4.4506,True,0,1.5,-3.0
2,2,18,-3.4,0.9978,4.7124,True,0,1.5,-3.0
2,2,19,-3.0118,1.0489,4.9742,True,0,1.5,-3.0
2,2,20,-2.65,1.1988,5.236,True,0,1.5,-3.0
2,2,21,-2.3393,1.4371,5.4978,True,4,1.5,1.0
2,2,22,-2.101,1.7478,5.7596,True,1,1.5,-2.0
2,2,23,-1.9511,2.1096,6.0214,False,0,1.5,-9999.0
2,3,0,-0.4511,2.886,0.0,True,67,1.5,64.0
2,3,1,-0.5022,3.2742,0.2618,True,64,1.5,61.0
2,3,2,-0.6521,3.636,0.5236,True,49,1.5,46.0
2,3,3,-0.8904,3.9467,0.7854,False,0,1.5,-9999.0
2,3,4,-1.2011,4.185,1.0472,False,0,1.5,-9999.0
2,3,5,-1.5629,4.3349,1.309,False,0,1.5,-9999.0
2,3,6,-1.9511,4.386,1.5708,False,0,1.5,-9999.0
2,3,7,-2.3393,4.3349,1.8326,False,0,1.5,-9999.0
2,3,8,-2.7011,4.185,2.0944,False,0,1.5,-9999.0
2,3,9,-3.0118,3.9467,2.3562,False,0,1.5,-9999.0
2,3,10,-3.2501,3.636,2.618,True,1,1.5,-2.0
2,3,11,-3.4,3.2742,2.8798,True,1,1.5,-2.0
2,3,12,-3.4511,2.886,3.1416,True,1,1.5,-2.0
2,3,13,-3.4,2.4978,3.4034,True,0,1.5,-3.0
2,3,14,-3.2501,2.136,3.6652,True,1,1.5,-2.0
2,3,15,-3.0118,1.8253,3.927,True,0,1.5,-3.0
2,3,16,-2.7011,1.587,4.1888,True,0,1.5,-3.0
2,3,17,-2.3393,1.4371,4.4506,False,0,1.5,-9999.0
2,3,18,-1.9511,1.386,4.7124,False,0,1.5,-9999.0
2,3,19,-1.5629,1.4371,4.9742,True,61,1.5,58.0
2,3,20,-1.2011,1.587,5.236,True,54,1.5,51.0
2,3,21,-0.8904,1.8253,5.4978,True,55,1.5,52.0
2,3,22,-0.6521,2.136,5.7596,True,63,1.5,60.0
2,3,23,-0.5022,2.4978,6.0214,True,69,1.5,66.0
2,4,0,0.9978,2.4978,0.0,True,74,1.5,71.0
2,4,1,0.9467,2.886,0.2618,True,68,1.5,65.0
2,4,2,0.7968,3.2478,0.5236,True,62,1.5,59.0
2,4,3,0.5585,3.5585,0.7854,True,41,1.5,38.0
2,4,4,0.2478,3.7968,1.0472,True,24,1.5,21.0
2,4,5,-0.114,3.9467,1.309,False,0,1.5,-9999.0
2,4,6,-0.5022,3.9978,1.5708,False,0,1.5,-9999.0
2,4,7,-0.8904,3.9467,1.8326,False,0,1.5,-9999.0
2,4,8,-1.2522,3.7968,2.0944,True,1,1.5,-2.0
2,4,9,-1.5629,3.5585,2.3562,True,0,1.5,-3.0
2,4,10,-1.8012,3.2478,2.618,True,0,1.5,-3.0
2,4,11,-1.9511,2.886,2.8798,True,0,1.5,-3.0
2,4,12,-2.0022,2.4978,3.1416,False,0,1.5,-9999.0
2,4,13,-1.9511,2.1096,3.4034,False,0,1.5,-9999.0
2,4,14,-1.8012,1.7478,3.6652,True,37,1.5,34.0
2,4,15,-1.5629,1.4371,3.927,True,57,1.5,54.0
2,4,16,-1.2522,1.1988,4.1888,True,80,1.5,77.0
2,4,17,-0.8904,1.0489,4.4506,False,0,1.5,-9999.0
2,4,18,-0.5022,0.9978,4.7124,False,0,1.5,-9999.0
2,4,19,-0.114,1.0489,4.9742,False,0,1.5,-9999.0
2,4,20,0.2478,1.1988,5.236,False,0,1.5,-9999.0
2,4,21,0.5585,1.4371,5.4978,False,0,1.5,-9999.0
2,4,22,0.7968,1.7478,5.7596,False,0,1.5,-9999.0
2,4,23,0.9467,2.1096,6.0214,True,72,1.5,69.0
2,5,0,0.2478,1.1988,0.0,False,0,1.5,-9999.0
2,5,1,0.1967,1.587,0.2618,False,0,1.5,-9999.0
2,5,2,0.0468,1.9488,0.5236,False,0,1.5,-9999.0
2,5,3,-0.1915,2.2595,0.7854,False,0,1.5,-9999.0
2,5,4,-0.5022,2.4978,1.0472,True,0,1.5,-3.0
2,5,5,-0.864,2.6477,1.309,True,0,1.5,-3.0
2,5,6,-1.2522,2.6988,1.5708,True,0,1.5,-3.0
2,5,7,-1.6404,2.6477,1.8326,True,0,1.5,-3.0
2,5,8,-2.0022,2.4978,2.0944,False,0,1.5,-9999.0
2,5,9,-2.3129,2.2595,2.3562,False,0,1.5,-9999.0
2,5,10,-2.5512,1.9488,2.618,False,0,1.5,-9999.0
2,5,11,-2.7011,1.587,2.8798,False,0,1.5,-9999.0
2,5,12,-2.7522,1.1988,3.1416,False,0,1.5,-9999.0
2,5,13,-2.7011,0.8106,3.4034,False,0,1.5,-9999.0
2,5,14,-2.5512,0.4488,3.6652,False,0,1.5,-9999.0
2,5,15,-2.3129,0.1381,3.927,False,0,1.5,-9999.0
2,5,16,-2.0022,-0.1002,4.1888,False,0,1.5,-9999.0
2,5,17,-1.6404,-0.2501,4.4506,True,74,1.5,71.0
2,5,18,-1.2522,-0.3012,4.7124,True,100,1.5,97.0
2,5,19,-0.864,-0.2501,4.9742,True,127,1.5,124.0
2,5,20,-0.5022,-0.1002,5.236,True,136,1.5,133.0
2,5,21,-0.1915,0.1381,5.4978,True,125,1.5,122.0
2,5,22,0.0468,0.4488,5.7596,True,107,1.5,104.0
2,5,23,0.1967,0.8106,6.0214,False,0,1.5,-9999.0
2,6,0,0.9978,-0.1002,0.0,True,19,1.5,16.0
2,6,1,0.9467,0.288,0.2618,True,9,1.5,6.0
2,6,2,0.7968,0.6498,0.5236,True,5,1.5,2.0
2,6,3,0.5585,0.9605,0.7854,False,0,1.5,-9999.0
2,6,4,0.2478,1.1988,1.0472,False,0,1.5,-9999.0
2,6,5,-0.114,1.3487,1.309,False,0,1.5,-9999.0
2,6,6,-0.5022,1.3998,1.5708,False,0,1.5,-9999.0
2,6,7,-0.8904,1.3487,1.8326,True,0,1.5,-3.0
2,6,8,-1.2522,1.1988,2.0944,True,0,1.5,-3.0
2,6,9,-1.5629,0.9605,2.3562,True,0,1.5,-3.0
2,6,10,-1.8012,0.6498,2.618,True,0,1.5,-3.0
2,6,11,-1.9511,0.288,2.8798,False,0,1.5,-9999.0
2,6,12,-2.0022,-0.1002,3.1416,False,0,1.5,-9999.0
2,6,13,-1.9511,-0.4884,3.4034,False,0,1.5,-9999.0
2,6,14,-1.8012,-0.8502,3.6652,True,21,1.5,18.0
2,6,15,-1.5629,-1.1609,3.927,True,40,1.5,37.0
2,6,16,-1.2522,-1.3992,4.1888,True,67,1.5,64.0
2,6,17,-0.8904,-1.5491,4.4506,True,85,1.5,82.0
2,6,18,-0.5022,-1.6002,4.7124,True,100,1.5,97.0
2,6,19,-0.114,-1.5491,4.9742,True,99,1.5,96.0
2,6,20,0.2478,-1.3992,5.236,True,96,1.5,93.0
2,6,21,0.5585,-1.1609,5.4978,True,75,1.5,72.0
2,6,22,0.7968,-0.8502,5.7596,True,53,1.5,50.0
2,6,23,0.9467,-0.4884,6.0214,True,36,1.5,33.0
2,7,0,0.9978,-1.6002,0.0,True,22,1.5,19.0
2,7,1,0.9467,-1.212,0.2618,True,14,1.5,11.0
2,7,2,0.7968,-0.8502,0.5236,True,6,1.5,3.0
2,7,3,0.5585,-0.5395,0.7854,True,3,1.5,0.0
2,7,4,0.2478,-0.3012,1.0472,True,1,1.5,-2.0
2,7,5,-0.114,-0.1513,1.309,True,1,1.5,-2.0
2,7,6,-0.5022,-0.1002,1.5708,True,0,1.5,-3.0
2,7,7,-0.8904,-0.1513,1.8326,True,0,1.5,-3.0
2,7,8,-1.2522,-0.3012,2.0944,True,0,1.5,-3.0
2,7,9,-1.5629,-0.5395,2.3562,True,0,1.5,-3.0
2,7,10,-1.8012,-0.8502,2.618,True,0,1.5,-3.0
2,7,11,-1.9511,-1.212,2.8798,False,0,1.5,-9999.0
2,7,12,-2.0022,-1.6002,3.1416,False,0,1.5,-9999.0
2,7,13,-1.9511,-1.9884,3.4034,False,0,1.5,-9999.0
2,7,14,-1.8012,-2.3502,3.6652,True,5,1.5,2.0
2,7,15,-1.5629,-2.6609,3.927,True,24,1.5,21.0
2,7,16,-1.2522,-2.8992,4.1888,True,19,1.5,16.0
2,7,17,-0.8904,-3.0491,4.4506,True,16,1.5,13.0
2,7,18,-0.5022,-3.1002,4.7124,True,19,1.5,16.0
2,7,19,-0.114,-3.0491,4.9742,True,22,1.5,19.0
2,7,20,0.2478,-2.8992,5.236,True,30,1.5,27.0
2,7,21,0.5585,-2.6609,5.4978,True,35,1.5,32.0
2,7,22,0.7968,-2.3502,5.7596,True,37,1.5,34.0
2,7,23,0.9467,-1.9884,6.0214,True,31,1.5,28.0
2,8,0,2.2968,-2.3502,0.0,False,0,1.5,-9999.0
2,8,1,2.2457,-1.962,0.2618,False,0,1.5,-9999.0
2,8,2,2.0958,-1.6002,0.5236,False,0,1.5,-9999.0
2,8,3,1.8575,-1.2895,0.7854,True,1,1.5,-2.0
2,8,4,1.5468,-1.0512,1.0472,True,3,1.5,-0.0
2,8,5,1.185,-0.9013,1.309,True,4,1.5,1.0
2,8,6,0.7968,-0.8502,1.5708,True,4,1.5,1.0
2,8,7,0.4086,-0.9013,1.8326,True,2,1.5,-1.0
2,8,8,0.0468,-1.0512,2.0944,True,1,1.5,-2.0
2,8,9,-0.2639,-1.2895,2.3562,True,0,1.5,-3.0
2,8,10,-0.5022,-1.6002,2.618,True,0,1.5,-3.0
2,8,11,-0.6521,-1.962,2.8798,True,7,1.5,4.0
2,8,12,-0.7032,-2.3502,3.1416,True,11,1.5,8.0
2,8,13,-0.6521,-2.7384,3.4034,True,10,1.5,7.0
2,8,14,-0.5022,-3.1002,3.6652,True,8,1.5,5.0
2,8,15,-0.2639,-3.4109,3.927,True,6,1.5,3.0
2,8,16,0.0468,-3.6492,4.1888,True,4,1.5,1.0
2,8,17,0.4086,-3.7991,4.4506,True,6,1.5,3.0
2,8,18,0.7968,-3.8502,4.7124,True,15,1.5,12.0
2,8,19,1.185,-3.7991,4.9742,True,30,1.5,27.0
2,8,20,1.5468,-3.6492,5.236,True,51,1.5,48.0
2,8,21,1.8575,-3.4109,5.4978,True,74,1.5,71.0
2,8,22,2.0958,-3.1002,5.7596,True,98,1.5,95.0
2,8,23,2.2457,-2.7384,6.0214,True,115,1.5,112.0
2,9,0,3.7457,-2.7384,0.0,True,88,1.5,85.0
2,9,1,3.6946,-2.3502,0.2618,True,97,1.5,94.0
2,9,2,3.5447,-1.9884,0.5236,True,84,1.5,81.0
2,9,3,3.3064,-1.6777,0.7854,True,34,1.5,31.0
2,9,4,2.9957,-1.4394,1.0472,False,0,1.5,-9999.0
2,9,5,2.6339,-1.2895,1.309,True,41,1.5,38.0
2,9,6,2.2457,-1.2384,1.5708,True,53,1.5,50.0
2,9,7,1.8575,-1.2895,1.8326,False,0,1.5,-9999.0
2,9,8,1.4957,-1.4394,2.0944,False,0,1.5,-9999.0
2,9,9,1.185,-1.6777,2.3562,False,0,1.5,-9999.0
2,9,10,0.9467,-1.9884,2.618,True,0,1.5,-3.0
2,9,11,0.7968,-2.3502,2.8798,True,0,1.5,-3.0
2,9,12,0.7457,-2.7384,3.1416,True,0,1.5,-3.0
2,9,13,0.7968,-3.1266,3.4034,True,0,1.5,-3.0
2,9,14,0.9467,-3.4884,3.6652,True,0,1.5,-3.0
2,9,15,1.185,-3.7991,3.927,True,0,1.5,-3.0
2,9,16,1.4957,-4.0374,4.1888,False,0,1.5,-9999.0
2,9,17,1.8575,-4.1873,4.4506,False,0,1.5,-9999.0
2,9,18,2.2457,-4.2384,4.7124,False,0,1.5,-9999.0
2,9,19,2.6339,-4.1873,4.9742,False,0,1.5,-9999.0
2,9,20,2.9957,-4.0374,5.236,False,0,1.5,-9999.0
2,9,21,3.3064,-3.7991,5.4978,True,32,1.5,29.0
2,9,22,3.5447,-3.4884,5.7596,True,53,1.5,50.0
2,9,23,3.6946,-3.1266,6.0214,True,72,1.5,69.0
2,10,0,5.1946,-2.3502,0.0,True,20,1.5,17.0
2,10,1,5.1435,-1.962,0.2618,True,40,1.5,37.0
2,10,2,4.9936,-1.6002,0.5236,True,63,1.5,60.0
2,10,3,4.7553,-1.2895,0.7854,True,84,1.5,81.0
2,10,4,4.4446,-1.0512,1.0472,True,104,1.5,101.0
2,10,5,4.0828,-0.9013,1.309,True,119,1.5,116.0
2,10,6,3.6946,-0.8502,1.5708,False,0,1.5,-9999.0
2,10,7,3.3064,-0.9013,1.8326,False,0,1.5,-9999.0
2,10,8,2.9446,-1.0512,2.0944,False,0,1.5,-9999.0
2,10,9,2.6339,-1.2895,2.3562,False,0,1.5,-9999.0
2,10,10,2.3956,-1.6002,2.618,True,30,1.5,27.0
2,10,11,2.2457,-1.962,2.8798,True,19,1.5,16.0
2,10,12,2.1946,-2.3502,3.1416,True,7,1.5,4.0
2,10,13,2.2457,-2.7384,3.4034,True,0,1.5,-3.0
2,10,14,2.3956,-3.1002,3.6652,True,0,1.5,-3.0
2,10,15,2.6339,-3.4109,3.927,True,0,1.5,-3.0
2,10,16,2.9446,-3.6492,4.1888,True,0,1.5,-3.0
2,10,17,3.3064,-3.7991,4.4506,True,0,1.5,-3.0
2,10,18,3.6946,-3.8502,4.7124,True,0,1.5,-3.0
2,10,19,4.0828,-3.7991,4.9742,True,0,1.5,-3.0
2,10,20,4.4446,-3.6492,5.236,True,0,1.5,-3.0
2,10,21,4.7553,-3.4109,5.4978,True,1,1.5,-2.0
2,10,22,4.9936,-3.1002,5.7596,True,4,1.5,1.0
2,10,23,5.1435,-2.7384,6.0214,True,8,1.5,5.0
2,11,0,5.5828,-0.9013,0.0,True,7,1.5,4.0
2,11,1,5.5317,-0.5131,0.2618,True,19,1.5,16.0
2,11,2,5.3818,-0.1513,0.5236,True,33,1.5,30.0
2,11,3,5.1435,0.1594,0.7854,True,47,1.5,44.0
2,11,4,4.8328,0.3977,1.0472,True,73,1.5,70.0
2,11,5,4.471,0.5476,1.309,True,96,1.5,93.0
2,11,6,4.0828,0.5987,1.5708,True,100,1.5,97.0
2,11,7,3.6946,0.5476,1.8326,True,93,1.5,90.0
2,11,8,3.3328,0.3977,2.0944,True,73,1.5,70.0
2,11,9,3.0221,0.1594,2.3562,True,53,1.5,50.0
2,11,10,2.7838,-0.1513,2.618,True,35,1.5,32.0
2,11,11,2.6339,-0.5131,2.8798,False,0,1.5,-9999.0
2,11,12,2.5828,-0.9013,3.1416,False,0,1.5,-9999.0
2,11,13,2.6339,-1.2895,3.4034,False,0,1.5,-9999.0
2,11,14,2.7838,-1.6513,3.6652,False,0,1.5,-9999.0
2,11,15,3.0221,-1.962,3.927,False,0,1.5,-9999.0
2,11,16,3.3328,-2.2003,4.1888,False,0,1.5,-9999.0
2,11,17,3.6946,-2.3502,4.4506,True,0,1.5,-3.0
2,11,18,4.0828,-2.4013,4.7124,True,2,1.5,-1.0
2,11,19,4.471,-2.3502,4.9742,True,2,1.5,-1.0
2,11,20,4.8328,-2.2003,5.236,True,2,1.5,-1.0
2,11,21,5.1435,-1.962,5.4978,True,2,1.5,-1.0
2,11,22,5.3818,-1.6513,5.7596,True,2,1.5,-1.0
2,11,23,5.5317,-1.2895,6.0214,True,4,1.5,1.0
2,12,0,5.5828,0.5987,0.0,True,5,1.5,2.0
2,12,1,5.5317,0.9869,0.2618,True,14,1.5,11.0
2,12,2,5.3818,1.3487,0.5236,True,28,1.5,25.0
2,12,3,5.1435,1.6594,0.7854,True,36,1.5,33.0
2,12,4,4.8328,1.8977,1.0472,True,50,1.5,47.0
2,12,5,4.471,2.0476,1.309,True,60,1.5,57.0
2,12,6,4.0828,2.0987,1.5708,True,61,1.5,58.0
2,12,7,3.6946,2.0476,1.8326,True,60,1.5,57.0
2,12,8,3.3328,1.8977,2.0944,True,52,1.5,49.0
2,12,9,3.0221,1.6594,2.3562,True,43,1.5,40.0
2,12,10,2.7838,1.3487,2.618,True,30,1.5,27.0
2,12,11,2.6339,0.9869,2.8798,True,16,1.5,13.0
2,12,12,2.5828,0.5987,3.1416,True,5,1.5,2.0
2,12,13,2.6339,0.2105,3.4034,True,1,1.5,-2.0
2,12,14,2.7838,-0.1513,3.6652,True,0,1.5,-3.0
2,12,15,3.0221,-0.462,3.927,True,0,1.5,-3.0
2,12,16,3.3328,-0.7003,4.1888,True,0,1.5,-3.0
2,12,17,3.6946,-0.8502,4.4506,False,0,1.5,-9999.0
2,12,18,4.0828,-0.9013,4.7124,True,0,1.5,-3.0
2,12,19,4.471,-0.8502,4.9742,True,1,1.5,-2.0
2,12,20,4.8328,-0.7003,5.236,True,1,1.5,-2.0
2,12,21,5.1435,-0.462,5.4978,True,1,1.5,-2.0
2,12,22,5.3818,-0.1513,5.7596,True,1,1.5,-2.0
2,12,23,5.5317,0.2105,6.0214,True,1,1.5,-2.0
2,13,0,5.5828,2.0987,0.0,True,0,1.5,-3.0
2,13,1,5.5317,2.4869,0.2618,True,0,1.5,-3.0
2,13,2,5.3818,2.8487,0.5236,True,0,1.5,-3.0
2,13,3,5.1435,3.1594,0.7854,True,0,1.5,-3.0
2,13,4,4.8328,3.3977,1.0472,True,0,1.5,-3.0
2,13,5,4.471,3.5476,1.309,True,0,1.5,-3.0
2,13,6,4.0828,3.5987,1.5708,True,0,1.5,-3.0
2,13,7,3.6946,3.5476,1.8326,True,0,1.5,-3.0
2,13,8,3.3328,3.3977,2.0944,True,0,1.5,-3.0
2,13,9,3.0221,3.1594,2.3562,True,1,1.5,-2.0
2,13,10,2.7838,2.8487,2.618,True,3,1.5,0.0
2,13,11,2.6339,2.4869,2.8798,True,3,1.5,-0.0
2,13,12,2.5828,2.0987,3.1416,True,3,1.5,0.0
2,13,13,2.6339,1.7105,3.4034,True,3,1.5,0.0
2,13,14,2.7838,1.3487,3.6652,True,1,1.5,-2.0
2,13,15,3.0221,1.038,3.927,True,0,1.5,-3.0
2,13,16,3.3328,0.7997,4.1888,True,0,1.5,-3.0
2,13,17,3.6946,0.6498,4.4506,True,0,1.5,-3.0
2,13,18,4.0828,0.5987,4.7124,True,0,1.5,-3.0
2,13,19,4.471,0.6498,4.9742,True,0,1.5,-3.0
2,13,20,4.8328,0.7997,5.236,True,0,1.5,-3.0
2,13,21,5.1435,1.038,5.4978,True,0,1.5,-3.0
2,13,22,5.3818,1.3487,5.7596,True,0,1.5,-3.0
2,13,23,5.5317,1.7105,6.0214,True,0,1.5,-3.0
2,14,0,4.2838,2.8487,0.0,True,0,1.5,-3.0
2,14,1,4.2327,3.2369,0.2618,True,0,1.5,-3.0
2,14,2,4.0828,3.5987,0.5236,True,0,1.5,-3.0
2,14,3,3.8445,3.9094,0.7854,True,0,1.5,-3.0
2,14,4,3.5338,4.1477,1.0472,False,0,1.5,-9999.0
2,14,5,3.172,4.2976,1.309,False,0,1.5,-9999.0
2,14,6,2.7838,4.3487,1.5708,False,0,1.5,-9999.0
2,14,7,2.3956,4.2976,1.8326,False,0,1.5,-9999.0
2,14,8,2.0338,4.1477,2.0944,False,0,1.5,-9999.0
2,14,9,1.7231,3.9094,2.3562,True,5,1.5,2.0
2,14,10,1.4848,3.5987,2.618,True,6,1.5,3.0
2,14,11,1.3349,3.2369,2.8798,True,6,1.5,3.0
2,14,12,1.2838,2.8487,3.1416,True,5,1.5,2.0
2,14,13,1.3349,2.4605,3.4034,True,4,1.5,1.0
2,14,14,1.4848,2.0987,3.6652,False,0,1.5,-9999.0
2,14,15,1.7231,1.788,3.927,False,0,1.5,-9999.0
2,14,16,2.0338,1.5497,4.1888,False,0,1.5,-9999.0
2,14,17,2.3956,1.3998,4.4506,True,0,1.5,-3.0
2,14,18,2.7838,1.3487,4.7124,True,0,1.5,-3.0
2,14,19,3.172,1.3998,4.9742,True,0,1.5,-3.0
2,14,20,3.5338,1.5497,5.236,True,0,1.5,-3.0
2,14,21,3.8445,1.788,5.4978,True,0,1.5,-3.0
2,14,22,4.0828,2.0987,5.7596,True,0,1.5,-3.0
2,14,23,4.2327,2.4605,6.0214,True,0,1.5,-3.0
2,15,0,2.9848,3.5987,0.0,True,0,1.5,-3.0
2,15,1,2.9337,3.9869,0.2618,False,0,1.5,-9999.0
2,15,2,2.7838,4.3487,0.5236,False,0,1.5,-9999.0
2,15,3,2.5455,4.6594,0.7854,False,0,1.5,-9999.0
2,15,4,2.2348,4.8977,1.0472,False,0,1.5,-9999.0
2,15,5,1.873,5.0476,1.309,False,0,1.5,-9999.0
2,15,6,1.4848,5.0987,1.5708,False,0,1.5,-9999.0
2,15,7,1.0966,5.0476,1.8326,False,0,1.5,-9999.0
2,15,8,0.7348,4.8977,2.0944,False,0,1.5,-9999.0
2,15,9,0.4241,4.6594,2.3562,False,0,1.5,-9999.0
2,15,10,0.1858,4.3487,2.618,False,0,1.5,-9999.0
2,15,11,0.0359,3.9869,2.8798,False,0,1.5,-9999.0
2,15,12,-0.0152,3.5987,3.1416,True,0,1.5,-3.0
2,15,13,0.0359,3.2105,3.4034,True,0,1.5,-3.0
2,15,14,0.1858,2.8487,3.6652,True,0,1.5,-3.0
2,15,15,0.4241,2.538,3.927,True,0,1.5,-3.0
2,15,16,0.7348,2.2997,4.1888,True,0,1.5,-3.0
2,15,17,1.0966,2.1498,4.4506,True,0,1.5,-3.0
2,15,18,1.4848,2.0987,4.7124,True,0,1.5,-3.0
2,15,19,1.873,2.1498,4.9742,True,0,1.5,-3.0
2,15,20,2.2348,2.2997,5.236,True,0,1.5,-3.0
2,15,21,2.5455,2.538,5.4978,True,0,1.5,-3.0
2,15,22,2.7838,2.8487,5.7596,True,0,1.5,-3.0
2,15,23,2.9337,3.2105,6.0214,True,0,1.5,-3.0
3,0,0,0.3,-3.0,0.0,True,80,1.5,77.0
3,0,1,0.2489,-2.6118,0.2618,True,97,1.5,94.0
3,0,2,0.099,-2.25,0.5236,True,114,1.5,111.0
3,0,3,-0.1393,-1.9393,0.7854,True,125,1.5,122.0
3,0,4,-0.45,-1.701,1.0472,True,127,1.5,124.0
3,0,5,-0.8118,-1.5511,1.309,True,110,1.5,107.0
3,0,6,-1.2,-1.5,1.5708,True,89,1.5,86.0
3,0,7,-1.5882,-1.5511,1.8326,True,61,1.5,58.0
3,0,8,-1.95,-1.701,2.0944,False,0,1.5,-9999.0
3,0,9,-2.2607,-1.9393,2.3562,False,0,1.5,-9999.0
3,0,10,-2.499,-2.25,2.618,False,0,1.5,-9999.0
3,0,11,-2.6489,-2.6118,2.8798,True,142,1.5,139.0
3,0,12,-2.7,-3.0,3.1416,True,126,1.5,123.0
3,0,13,-2.6489,-3.3882,3.4034,True,100,1.5,97.0
3,0,14,-2.499,-3.75,3.6652,True,76,1.5,73.0
3,0,15,-2.2607,-4.0607,3.927,False,0,1.5,-9999.0
3,0,16,-1.95,-4.299,4.1888,False,0,1.5,-9999.0
3,0,17,-1.5882,-4.4489,4.4506,False,0,1.5,-9999.0
3,0,18,-1.2,-4.5,4.7124,False,0,1.5,-9999.0
3,0,19,-0.8118,-4.4489,4.9742,False,0,1.5,-9999.0
3,0,20,-0.45,-4.299,5.236,False,0,1.5,-9999.0
3,0,21,-0.1393,-4.0607,5.4978,False,0,1.5,-9999.0
3,0,22,0.099,-3.75,5.7596,True,45,1.5,42.0
3,0,23,0.2489,-3.3882,6.0214,True,63,1.5,60.0
3,1,0,-1.1489,-2.6118,0.0,True,27,1.5,24.0
3,1,1,-1.2,-2.2236,0.2618,False,0,1.5,-9999.0
3,1,2,-1.3499,-1.8618,0.5236,False,0,1.5,-9999.0
3,1,3,-1.5882,-1.5511,0.7854,False,0,1.5,-9999.0
3,1,4,-1.8989,-1.3128,1.0472,False,0,1.5,-9999.0
3,1,5,-2.2607,-1.1629,1.309,True,63,1.5,60.0
3,1,6,-2.6489,-1.1118,1.5708,True,84,1.5,81.0
3,1,7,-3.0371,-1.1629,1.8326,True,113,1.5,110.0
3,1,8,-3.3989,-1.3128,2.0944,True,127,1.5,124.0
3,1,9,-3.7096,-1.5511,2.3562,True,128,1.5,125.0
3,1,10,-3.9479,-1.8618,2.618,True,119,1.5,116.0
3,1,11,-4.0978,-2.2236,2.8798,True,97,1.5,94.0
3,1,12,-4.1489,-2.6118,3.1416,True,73,1.5,70.0
3,1,13,-4.0978,-3.0,3.4034,True,57,1.5,54.0
3,1,14,-3.9479,-3.3618,3.6652,True,39,1.5,36.0
3,1,15,-3.7096,-3.6725,3.927,True,26,1.5,23.0
3,1,16,-3.3989,-3.9108,4.1888,True,18,1.5,15.0
3,1,17,-3.0371,-4.0607,4.4506,False,0,1.5,-9999.0
3,1,18,-2.6489,-4.1118,4.7124,False,0,1.5,-9999.0
3,1,19,-2.2607,-4.0607,4.9742,False,0,1.5,-9999.0
3,1,20,-1.8989,-3.9108,5.236,True,0,1.5,-3.0
3,1,21,-1.5882,-3.6725,5.4978,True,0,1.5,-3.0
3,1,22,-1.3499,-3.3618,5.7596,True,0,1.5,-3.0
3,1,23,-1.2,-3.0,6.0214,True,0,1.5,-3.0
3,2,0,-2.2096,-1.5511,0.0,True,2,1.5,-1.0
3,2,1,-2.2607,-1.1629,0.2618,True,12,1.5,9.0
3,2,2,-2.4106,-0.8011,0.5236,True,25,1.5,22.0
3,2,3,-2.6489,-0.4904,0.7854,True,44,1.5,41.0
3,2,4,-2.9596,-0.2521,1.0472,True,67,1.5,64.0
3,2,5,-3.3214,-0.1022,1.309,True,91,1.5,88.0
3,2,6,-3.7096,-0.0511,1.5708,True,102,1.5,99.0
3,2,7,-4.0978,-0.1022,1.8326,True,101,1.5,98.0
3,2,8,-4.4596,-0.2521,2.0944,True,85,1.5,82.0
3,2,9,-4.7703,-0.4904,2.3562,True,63,1.5,60.0
3,2,10,-5.0086,-0.8011,2.618,True,38,1.5,35.0
3,2,11,-5.1585,-1.1629,2.8798,True,25,1.5,22.0
3,2,12,-5.2096,-1.5511,3.1416,True,13,1.5,10.0
3,2,13,-5.1585,-1.9393,3.4034,True,9,1.5,6.0
3,2,14,-5.0086,-2.3011,3.6652,True,8,1.5,5.0
3,2,15,-4.7703,-2.6118,3.927,True,10,1.5,7.0
3,2,16,-4.4596,-2.8501,4.1888,True,9,1.5,6.0
3,2,17,-4.0978,-3.0,4.4506,True,7,1.5,4.0
3,2,18,-3.7096,-3.0511,4.7124,True,6,1.5,3.0
3,2,19,-3.3214,-3.0,4.9742,True,6,1.5,3.0
3,2,20,-2.9596,-2.8501,5.236,True,1,1.5,-2.0
3,2,21,-2.6489,-2.6118,5.4978,True,0,1.5,-3.0
3,2,22,-2.4106,-2.3011,5.7596,True,0,1.5,-3.0
3,2,23,-2.2607,-1.9393,6.0214,True,0,1.5,-3.0
3,3,0,-2.2096,-0.0511,0.0,True,4,1.5,1.0
3,3,1,-2.2607,0.3371,0.2618,True,12,1.5,9.0
3,3,2,-2.4106,0.6989,0.5236,True,27,1.5,24.0
3,3,3,-2.6489,1.0096,0.7854,True,49,1.5,46.0
3,3,4,-2.9596,1.2479,1.0472,True,74,1.5,71.0
3,3,5,-3.3214,1.3978,1.309,True,96,1.5,93.0
3,3,6,-3.7096,1.4489,1.5708,True,106,1.5,103.0
3,3,7,-4.0978,1.3978,1.8326,True,102,1.5,99.0
3,3,8,-4.4596,1.2479,2.0944,True,85,1.5,82.0
3,3,9,-4.7703,1.0096,2.3562,True,63,1.5,60.0
3,3,10,-5.0086,0.6989,2.618,True,37,1.5,34.0
3,3,11,-5.1585,0.3371,2.8798,True,22,1.5,19.0
3,3,12,-5.2096,-0.0511,3.1416,True,7,1.5,4.0
3,3,13,-5.1585,-0.4393,3.4034,True,3,1.5,0.0
3,3,14,-5.0086,-0.8011,3.6652,True,1,1.5,-2.0
3,3,15,-4.7703,-1.1118,3.927,True,2,1.5,-1.0
3,3,16,-4.4596,-1.3501,4.1888,True,5,1.5,2.0
3,3,17,-4.0978,-1.5,4.4506,True,6,1.5,3.0
3,3,18,-3.7096,-1.5511,4.7124,True,0,1.5,-3.0
3,3,19,-3.3214,-1.5,4.9742,True,0,1.5,-3.0
3,3,20,-2.9596,-1.3501,5.236,True,0,1.5,-3.0
3,3,21,-2.6489,-1.1118,5.4978,True,0,1.5,-3.0
3,3,22,-2.4106,-0.8011,5.7596,True,0,1.5,-3.0
3,3,23,-2.2607,-0.4393,6.0214,True,0,1.5,-3.0
3,4,0,-2.2096,1.4489,0.0,True,8,1.5,5.0
3,4,1,-2.2607,1.8371,0.2618,True,7,1.5,4.0
3,4,2,-2.4106,2.1989,0.5236,True,15,1.5,12.0
3,4,3,-2.6489,2.5096,0.7854,True,38,1.5,35.0
3,4,4,-2.9596,2.7479,1.0472,True,41,1.5,38.0
3,4,5,-3.3214,2.8978,1.309,True,34,1.5,31.0
3,4,6,-3.7096,2.9489,1.5708,True,26,1.5,23.0
3,4,7,-4.0978,2.8978,1.8326,True,15,1.5,12.0
3,4,8,-4.4596,2.7479,2.0944,True,12,1.5,9.0
3,4,9,-4.7703,2.5096,2.3562,True,11,1.5,8.0
3,4,10,-5.0086,2.1989,2.618,True,8,1.5,5.0
3,4,11,-5.1585,1.8371,2.8798,True,7,1.5,4.0
3,4,12,-5.2096,1.4489,3.1416,True,7,1.5,4.0
3,4,13,-5.1585,1.0607,3.4034,True,3,1.5,0.0
3,4,14,-5.0086,0.6989,3.6652,True,0,1.5,-3.0
3,4,15,-4.7703,0.3882,3.927,True,0,1.5,-3.0
3,4,16,-4.4596,0.1499,4.1888,True,0,1.5,-3.0
3,4,17,-4.0978,0.0,4.4506,True,0,1.5,-3.0
3,4,18,-3.7096,-0.0511,4.7124,True,0,1.5,-3.0
3,4,19,-3.3214,0.0,4.9742,True,0,1.5,-3.0
3,4,20,-2.9596,0.1499,5.236,True,0,1.5,-3.0
3,4,21,-2.6489,0.3882,5.4978,True,0,1.5,-3.0
3,4,22,-2.4106,0.6989,5.7596,True,0,1.5,-3.0
3,4,23,-2.2607,1.0607,6.0214,True,1,1.5,-2.0
3,5,0,-1.4596,2.7479,0.0,True,111,1.5,108.0
3,5,1,-1.5107,3.1361,0.2618,True,97,1.5,94.0
3,5,2,-1.6606,3.4979,0.5236,True,81,1.5,78.0
3,5,3,-1.8989,3.8086,0.7854,True,58,1.5,55.0
3,5,4,-2.2096,4.0469,1.0472,False,0,1.5,-9999.0
3,5,5,-2.5714,4.1968,1.309,False,0,1.5,-9999.0
3,5,6,-2.9596,4.2479,1.5708,False,0,1.5,-9999.0
3,5,7,-3.3478,4.1968,1.8326,False,0,1.5,-9999.0
3,5,8,-3.7096,4.0469,2.0944,False,0,1.5,-9999.0
3,5,9,-4.0203,3.8086,2.3562,True,6,1.5,3.0
3,5,10,-4.2586,3.4979,2.618,True,5,1.5,2.0
3,5,11,-4.4085,3.1361,2.8798,True,7,1.5,4.0
3,5,12,-4.4596,2.7479,3.1416,True,10,1.5,7.0
3,5,13,-4.4085,2.3597,3.4034,True,10,1.5,7.0
3,5,14,-4.2586,1.9979,3.6652,True,10,1.5,7.0
3,5,15,-4.0203,1.6872,3.927,True,7,1.5,4.0
3,5,16,-3.7096,1.4489,4.1888,True,0,1.5,-3.0
3,5,17,-3.3478,1.299,4.4506,True,0,1.5,-3.0
3,5,18,-2.9596,1.2479,4.7124,True,0,1.5,-3.0
3,5,19,-2.5714,1.299,4.9742,True,0,1.5,-3.0
3,5,20,-2.2096,1.4489,5.236,True,4,1.5,1.0
3,5,21,-1.8989,1.6872,5.4978,False,0,1.5,-9999.0
3,5,22,-1.6606,1.9979,5.7596,False,0,1.5,-9999.0
3,5,23,-1.5107,2.3597,6.0214,False,0,1.5,-9999.0
3,6,0,0.0404,2.7479,0.0,True,71,1.5,68.0
3,6,1,-0.0107,3.1361,0.2618,True,70,1.5,67.0
3,6,2,-0.1606,3.4979,0.5236,True,56,1.5,53.0
3,6,3,-0.3989,3.8086,0.7854,True,36,1.5,33.0
3,6,4,-0.7096,4.0469,1.0472,False,0,1.5,-9999.0
3,6,5,-1.0714,4.1968,1.309,False,0,1.5,-9999.0
3,6,6,-1.4596,4.2479,1.5708,False,0,1.5,-9999.0
3,6,7,-1.8478,4.1968,1.8326,False,0,1.5,-9999.0
3,6,8,-2.2096,4.0469,2.0944,False,0,1.5,-9999.0
3,6,9,-2.5203,3.8086,2.3562,True,0,1.5,-3.0
3,6,10,-2.7586,3.4979,2.618,True,0,1.5,-3.0
3,6,11,-2.9085,3.1361,2.8798,True,0,1.5,-3.0
3,6,12,-2.9596,2.7479,3.1416,True,0,1.5,-3.0
3,6,13,-2.9085,2.3597,3.4034,True,0,1.5,-3.0
3,6,14,-2.7586,1.9979,3.6652,False,0,1.5,-9999.0
3,6,15,-2.5203,1.6872,3.927,False,0,1.5,-9999.0
3,6,16,-2.2096,1.4489,4.1888,False,0,1.5,-9999.0
3,6,17,-1.8478,1.299,4.4506,True,24,1.5,21.0
3,6,18,-1.4596,1.2479,4.7124,True,30,1.5,27.0
3,6,19,-1.0714,1.299,4.9742,True,20,1.5,17.0
3,6,20,-0.7096,1.4489,5.236,True,3,1.5,-0.0
3,6,21,-0.3989,1.6872,5.4978,False,0,1.5,-9999.0
3,6,22,-0.1606,1.9979,5.7596,True,44,1.5,41.0
3,6,23,-0.0107,2.3597,6.0214,True,63,1.5,60.0
3,7,0,1.5404,2.7479,0.0,True,73,1.5,70.0
3,7,1,1.4893,3.1361,0.2618,True,78,1.5,75.0
3,7,2,1.3394,3.4979,0.5236,True,60,1.5,57.0
3,7,3,1.1011,3.8086,0.7854,True,38,1.5,35.0
3,7,4,0.7904,4.0469,1.0472,False,0,1.5,-9999.0
3,7,5,0.4286,4.1968,1.309,False,0,1.5,-9999.0
3,7,6,0.0404,4.2479,1.5708,False,0,1.5,-9999.0
3,7,7,-0.3478,4.1968,1.8326,False,0,1.5,-9999.0
3,7,8,-0.7096,4.0469,2.0944,False,0,1.5,-9999.0
3,7,9,-1.0203,3.8086,2.3562,True,0,1.5,-3.0
3,7,10,-1.2586,3.4979,2.618,True,0,1.5,-3.0
3,7,11,-1.4085,3.1361,2.8798,True,0,1.5,-3.0
3,7,12,-1.4596,2.7479,3.1416,True,0,1.5,-3.0
3,7,13,-1.4085,2.3597,3.4034,True,5,1.5,2.0
3,7,14,-1.2586,1.9979,3.6652,True,6,1.5,3.0
3,7,15,-1.0203,1.6872,3.927,True,5,1.5,2.0
3,7,16,-0.7096,1.4489,4.1888,False,0,1.5,-9999.0
3,7,17,-0.3478,1.299,4.4506,False,0,1.5,-9999.0
3,7,18,0.0404,1.2479,4.7124,False,0,1.5,-9999.0
3,7,19,0.4286,1.299,4.9742,False,0,1.5,-9999.0
3,7,20,0.7904,1.4489,5.236,False,0,1.5,-9999.0
3,7,21,1.1011,1.6872,5.4978,True,62,1.5,59.0
3,7,22,1.3394,1.9979,5.7596,True,61,1.5,58.0
3,7,23,1.4893,2.3597,6.0214,True,53,1.5,50.0
3,8,0,2.9893,3.1361,0.0,True,114,1.5,111.0
3,8,1,2.9382,3.5243,0.2618,True,85,1.5,82.0
3,8,2,2.7883,3.8861,0.5236,True,57,1.5,54.0
3,8,3,2.55,4.1968,0.7854,False,0,1.5,-9999.0
3,8,4,2.2393,4.4351,1.0472,False,0,1.5,-9999.0
3,8,5,1.8775,4.585,1.309,False,0,1.5,-9999.0
3,8,6,1.4893,4.6361,1.5708,False,0,1.5,-9999.0
3,8,7,1.1011,4.585,1.8326,False,0,1.5,-9999.0
3,8,8,0.7393,4.4351,2.0944,False,0,1.5,-9999.0
3,8,9,0.4286,4.1968,2.3562,False,0,1.5,-9999.0
3,8,10,0.1903,3.8861,2.618,True,0,1.5,-3.0
3,8,11,0.0404,3.5243,2.8798,True,0,1.5,-3.0
3,8,12,-0.0107,3.1361,3.1416,True,0,1.5,-3.0
3,8,13,0.0404,2.7479,3.4034,True,0,1.5,-3.0
3,8,14,0.1903,2.3861,3.6652,True,1,1.5,-2.0
3,8,15,0.4286,2.0754,3.927,True,1,1.5,-2.0
3,8,16,0.7393,1.8371,4.1888,True,30,1.5,27.0
3,8,17,1.1011,1.6872,4.4506,True,42,1.5,39.0
3,8,18,1.4893,1.6361,4.7124,True,47,1.5,44.0
3,8,19,1.8775,1.6872,4.9742,True,46,1.5,43.0
3,8,20,2.2393,1.8371,5.236,False,0,1.5,-9999.0
3,8,21,2.55,2.0754,5.4978,True,139,1.5,136.0
3,8,22,2.7883,2.3861,5.7596,True,144,1.5,141.0
3,8,23,2.9382,2.7479,6.0214,True,131,1.5,128.0
3,9,0,4.2883,2.3861,0.0,True,64,1.5,61.0
3,9,1,4.2372,2.7743,0.2618,True,48,1.5,45.0
3,9,2,4.0873,3.1361,0.5236,True,35,1.5,32.0
3,9,3,3.849,3.4468,0.7854,True,25,1.5,22.0
3,9,4,3.5383,3.6851,1.0472,True,18,1.5,15.0
3,9,5,3.1765,3.835,1.309,True,9,1.5,6.0
3,9,6,2.7883,3.8861,1.5708,True,4,1.5,1.0
3,9,7,2.4001,3.835,1.8326,True,0,1.5,-3.0
3,9,8,2.0383,3.6851,2.0944,True,0,1.5,-3.0
3,9,9,1.7276,3.4468,2.3562,True,0,1.5,-3.0
3,9,10,1.4893,3.1361,2.618,True,0,1.5,-3.0
3,9,11,1.3394,2.7743,2.8798,True,9,1.5,6.0
3,9,12,1.2883,2.3861,3.1416,False,0,1.5,-9999.0
3,9,13,1.3394,1.9979,3.4034,False,0,1.5,-9999.0
3,9,14,1.4893,1.6361,3.6652,False,0,1.5,-9999.0
3,9,15,1.7276,1.3254,3.927,False,0,1.5,-9999.0
3,9,16,2.0383,1.0871,4.1888,False,0,1.5,-9999.0
3,9,17,2.4001,0.9372,4.4506,True,47,1.5,44.0
3,9,18,2.7883,0.8861,4.7124,True,72,1.5,69.0
3,9,19,3.1765,0.9372,4.9742,True,91,1.5,88.0
3,9,20,3.5383,1.0871,5.236,True,107,1.5,104.0
3,9,21,3.849,1.3254,5.4978,True,104,1.5,101.0
3,9,22,4.0873,1.6361,5.7596,True,100,1.5,97.0
3,9,23,4.2372,1.9979,6.0214,True,85,1.5,82.0
3,10,0,5.0383,1.0871,0.0,True,19,1.5,16.0
3,10,1,4.9872,1.4753,0.2618,True,18,1.5,15.0
3,10,2,4.8373,1.8371,0.5236,True,17,1.5,14.0
3,10,3,4.599,2.1478,0.7854,True,18,1.5,15.0
3,10,4,4.2883,2.3861,1.0472,True,19,1.5,16.0
3,10,5,3.9265,2.536,1.309,True,18,1.5,15.0
3,10,6,3.5383,2.5871,1.5708,True,16,1.5,13.0
3,10,7,3.1501,2.536,1.8326,True,8,1.5,5.0
3,10,8,2.7883,2.3861,2.0944,True,0,1.5,-3.0
3,10,9,2.4776,2.1478,2.3562,True,0,1.5,-3.0
3,10,10,2.2393,1.8371,2.618,True,0,1.5,-3.0
3,10,11,2.0894,1.4753,2.8798,True,0,1.5,-3.0
3,10,12,2.0383,1.0871,3.1416,False,0,1.5,-9999.0
3,10,13,2.0894,0.6989,3.4034,True,10,1.5,7.0
3,10,14,2.2393,0.3371,3.6652,True,17,1.5,14.0
3,10,15,2.4776,0.0264,3.927,True,23,1.5,20.0
3,10,16,2.7883,-0.2119,4.1888,True,27,1.5,24.0
3,10,17,3.1501,-0.3618,4.4506,True,19,1.5,16.0
3,10,18,3.5383,-0.4129,4.7124,True,31,1.5,28.0
3,10,19,3.9265,-0.3618,4.9742,True,60,1.5,57.0
3,10,20,4.2883,-0.2119,5.236,True,65,1.5,62.0
3,10,21,4.599,0.0264,5.4978,True,56,1.5,53.0
3,10,22,4.8373,0.3371,5.7596,True,40,1.5,37.0
3,10,23,4.9872,0.6989,6.0214,True,30,1.5,27.0
3,11,0,5.7883,-0.2119,0.0,True,7,1.5,4.0
3,11,1,5.7372,0.1763,0.2618,True,3,1.5,0.0
3,11,2,5.5873,0.5381,0.5236,True,3,1.5,0.0
3,11,3,5.349,0.8488,0.7854,True,5,1.5,2.0
3,11,4,5.0383,1.0871,1.0472,True,8,1.5,5.0
3,11,5,4.6765,1.237,1.309,True,11,1.5,8.0
3,11,6,4.2883,1.2881,1.5708,True,11,1.5,8.0
3,11,7,3.9001,1.237,1.8326,True,7,1.5,4.0
3,11,8,3.5383,1.0871,2.0944,True,0,1.5,-3.0
3,11,9,3.2276,0.8488,2.3562,True,5,1.5,2.0
3,11,10,2.9893,0.5381,2.618,True,9,1.5,6.0
3,11,11,2.8394,0.1763,2.8798,True,19,1.5,16.0
3,11,12,2.7883,-0.2119,3.1416,True,25,1.5,22.0
3,11,13,2.8394,-0.6001,3.4034,True,37,1.5,34.0
3,11,14,2.9893,-0.9619,3.6652,False,0,1.5,-9999.0
3,11,15,3.2276,-1.2726,3.927,False,0,1.5,-9999.0
3,11,16,3.5383,-1.5109,4.1888,False,0,1.5,-9999.0
3,11,17,3.9001,-1.6608,4.4506,True,119,1.5,116.0
3,11,18,4.2883,-1.7119,4.7124,True,118,1.5,115.0
3,11,19,4.6765,-1.6608,4.9742,True,105,1.5,102.0
3,11,20,5.0383,-1.5109,5.236,True,81,1.5,78.0
3,11,21,5.349,-1.2726,5.4978,True,60,1.5,57.0
3,11,22,5.5873,-0.9619,5.7596,True,37,1.5,34.0
3,11,23,5.7372,-0.6001,6.0214,True,17,1.5,14.0
3,12,0,5.4001,-1.6608,0.0,True,4,1.5,1.0
3,12,1,5.349,-1.2726,0.2618,True,4,1.5,1.0
3,12,2,5.1991,-0.9108,0.5236,True,2,1.5,-1.0
3,12,3,4.9608,-0.6001,0.7854,True,2,1.5,-1.0
3,12,4,4.6501,-0.3618,1.0472,True,1,1.5,-2.0
3,12,5,4.2883,-0.2119,1.309,True,0,1.5,-3.0
3,12,6,3.9001,-0.1608,1.5708,True,0,1.5,-3.0
3,12,7,3.5119,-0.2119,1.8326,False,0,1.5,-9999.0
3,12,8,3.1501,-0.3618,2.0944,False,0,1.5,-9999.0
3,12,9,2.8394,-0.6001,2.3562,False,0,1.5,-9999.0
3,12,10,2.6011,-0.9108,2.618,False,0,1.5,-9999.0
3,12,11,2.4512,-1.2726,2.8798,False,0,1.5,-9999.0
3,12,12,2.4001,-1.6608,3.1416,True,12,1.5,9.0
3,12,13,2.4512,-2.049,3.4034,True,16,1.5,13.0
3,12,14,2.6011,-2.4108,3.6652,True,15,1.5,12.0
3,12,15,2.8394,-2.7215,3.927,True,11,1.5,8.0
3,12,16,3.1501,-2.9598,4.1888,True,10,1.5,7.0
3,12,17,3.5119,-3.1097,4.4506,True,8,1.5,5.0
3,12,18,3.9001,-3.1608,4.7124,True,8,1.5,5.0
3,12,19,4.2883,-3.1097,4.9742,True,7,1.5,4.0
3,12,20,4.6501,-2.9598,5.236,True,6,1.5,3.0
3,12,21,4.9608,-2.7215,5.4978,True,3,1.5,0.0
3,12,22,5.1991,-2.4108,5.7596,True,3,1.5,-0.0
3,12,23,5.349,-2.049,6.0214,True,4,1.5,1.0
3,13,0,3.9512,-2.049,0.0,True,3,1.5,0.0
3,13,1,3.9001,-1.6608,0.2618,True,0,1.5,-3.0
3,13,2,3.7502,-1.299,0.5236,False,0,1.5,-9999.0
3,13,3,3.5119,-0.9883,0.7854,False,0,1.5,-9999.0
3,13,4,3.2012,-0.75,1.0472,False,0,1.5,-9999.0
3,13,5,2.8394,-0.6001,1.309,True,2,1.5,-1.0
3,13,6,2.4512,-0.549,1.5708,True,7,1.5,4.0
3,13,7,2.063,-0.6001,1.8326,True,20,1.5,17.0
3,13,8,1.7012,-0.75,2.0944,False,0,1.5,-9999.0
3,13,9,1.3905,-0.9883,2.3562,False,0,1.5,-9999.0
3,13,10,1.1522,-1.299,2.618,False,0,1.5,-9999.0
3,13,11,1.0023,-1.6608,2.8798,False,0,1.5,-9999.0
3,13,12,0.9512,-2.049,3.1416,False,0,1.5,-9999.0
3,13,13,1.0023,-2.4372,3.4034,False,0,1.5,-9999.0
3,13,14,1.1522,-2.799,3.6652,False,0,1.5,-9999.0
3,13,15,1.3905,-3.1097,3.927,False,0,1.5,-9999.0
3,13,16,1.7012,-3.348,4.1888,True,23,1.5,20.0
3,13,17,2.063,-3.4979,4.4506,True,18,1.5,15.0
3,13,18,2.4512,-3.549,4.7124,True,8,1.5,5.0
3,13,19,2.8394,-3.4979,4.9742,True,2,1.5,-1.0
3,13,20,3.2012,-3.348,5.236,True,1,1.5,-2.0
3,13,21,3.5119,-3.1097,5.4978,True,1,1.5,-2.0
3,13,22,3.7502,-2.799,5.7596,True,1,1.5,-2.0
3,13,23,3.9001,-2.4372,6.0214,True,3,1.5,0.0
3,14,0,3.2012,-3.348,0.0,True,0,1.5,-3.0
3,14,1,3.1501,-2.9598,0.2618,True,0,1.5,-3.0
3,14,2,3.0002,-2.598,0.5236,True,0,1.5,-3.0
3,14,3,2.7619,-2.2873,0.7854,True,1,1.5,-2.0
3,14,4,2.4512,-2.049,1.0472,True,0,1.5,-3.0
3,14,5,2.0894,-1.8991,1.309,False,0,1.5,-9999.0
3,14,6,1.7012,-1.848,1.5708,True,40,1.5,37.0
3,14,7,1.313,-1.8991,1.8326,True,44,1.5,41.0
3,14,8,0.9512,-2.049,2.0944,True,44,1.5,41.0
3,14,9,0.6405,-2.2873,2.3562,True,42,1.5,39.0
3,14,10,0.4022,-2.598,2.618,True,29,1.5,26.0
3,14,11,0.2523,-2.9598,2.8798,True,15,1.5,12.0
3,14,12,0.2012,-3.348,3.1416,True,4,1.5,1.0
3,14,13,0.2523,-3.7362,3.4034,True,2,1.5,-1.0
3,14,14,0.4022,-4.098,3.6652,False,0,1.5,-9999.0
3,14,15,0.6405,-4.4087,3.927,False,0,1.5,-9999.0
3,14,16,0.9512,-4.647,4.1888,False,0,1.5,-9999.0
3,14,17,1.313,-4.7969,4.4506,False,0,1.5,-9999.0
3,14,18,1.7012,-4.848,4.7124,False,0,1.5,-9999.0
3,14,19,2.0894,-4.7969,4.9742,False,0,1.5,-9999.0
3,14,20,2.4512,-4.647,5.236,False,0,1.5,-9999.0
3,14,21,2.7619,-4.4087,5.4978,False,0,1.5,-9999.0
3,14,22,3.0002,-4.098,5.7596,False,0,1.5,-9999.0
3,14,23,3.1501,-3.7362,6.0214,True,0,1.5,-3.0
3,15,0,2.813,-1.8991,0.0,False,0,1.5,-9999.0
3,15,1,2.7619,-1.5109,0.2618,False,0,1.5,-9999.0
3,15,2,2.612,-1.1491,0.5236,False,0,1.5,-9999.0
3,15,3,2.3737,-0.8384,0.7854,False,0,1.5,-9999.0
3,15,4,2.063,-0.6001,1.0472,False,0,1.5,-9999.0
3,15,5,1.7012,-0.4502,1.309,True,11,1.5,8.0
3,15,6,1.313,-0.3991,1.5708,True,11,1.5,8.0
3,15,7,0.9248,-0.4502,1.8326,True,12,1.5,9.0
3,15,8,0.563,-0.6001,2.0944,True,12,1.5,9.0
3,15,9,0.2523,-0.8384,2.3562,True,12,1.5,9.0
3,15,10,0.014,-1.1491,2.618,True,12,1.5,9.0
3,15,11,-0.1359,-1.5109,2.8798,True,12,1.5,9.0
3,15,12,-0.187,-1.8991,3.1416,True,7,1.5,4.0
3,15,13,-0.1359,-2.2873,3.4034,True,3,1.5,-0.0
3,15,14,0.014,-2.6491,3.6652,True,1,1.5,-2.0
3,15,15,0.2523,-2.9598,3.927,True,0,1.5,-3.0
3,15,16,0.563,-3.1981,4.1888,True,0,1.5,-3.0
3,15,17,0.9248,-3.348,4.4506,True,0,1.5,-3.0
3,15,18,1.313,-3.3991,4.7124,True,0,1.5,-3.0
3,15,19,1.7012,-3.348,4.9742,True,0,1.5,-3.0
3,15,20,2.063,-3.1981,5.236,True,0,1.5,-3.0
3,15,21,2.3737,-2.9598,5.4978,False,0,1.5,-9999.0
3,15,22,2.612,-2.6491,5.7596,False,0,1.5,-9999.0
3,15,23,2.7619,-2.2873,6.0214,False,0,1.5,-9999.0
4,0,0,0.3,2.9,0.0,True,72,1.5,69.0
4,0,1,0.2489,3.2882,0.2618,True,65,1.5,62.0
4,0,2,0.099,3.65,0.5236,True,53,1.5,50.0
4,0,3,-0.1393,3.9607,0.7854,False,0,1.5,-9999.0
4,0,4,-0.45,4.199,1.0472,False,0,1.5,-9999.0
4,0,5,-0.8118,4.3489,1.309,False,0,1.5,-9999.0
4,0,6,-1.2,4.4,1.5708,False,0,1.5,-9999.0
4,0,7,-1.5882,4.3489,1.8326,False,0,1.5,-9999.0
4,0,8,-1.95,4.199,2.0944,False,0,1.5,-9999.0
4,0,9,-2.2607,3.9607,2.3562,False,0,1.5,-9999.0
4,0,10,-2.499,3.65,2.618,True,86,1.5,83.0
4,0,11,-2.6489,3.2882,2.8798,True,112,1.5,109.0
4,0,12,-2.7,2.9,3.1416,True,136,1.5,133.0
4,0,13,-2.6489,2.5118,3.4034,True,157,1.5,154.0
4,0,14,-2.499,2.15,3.6652,False,0,1.5,-9999.0
4,0,15,-2.2607,1.8393,3.927,False,0,1.5,-9999.0
4,0,16,-1.95,1.601,4.1888,False,0,1.5,-9999.0
4,0,17,-1.5882,1.4511,4.4506,True,61,1.5,58.0
4,0,18,-1.2,1.4,4.7124,True,68,1.5,65.0
4,0,19,-0.8118,1.4511,4.9742,True,45,1.5,42.0
4,0,20,-0.45,1.601,5.236,False,0,1.5,-9999.0
4,0,21,-0.1393,1.8393,5.4978,False,0,1.5,-9999.0
4,0,22,0.099,2.15,5.7596,True,45,1.5,42.0
4,0,23,0.2489,2.5118,6.0214,True,71,1.5,68.0
4,1,0,-1.1489,2.5118,0.0,False,0,1.5,-9999.0
4,1,1,-1.2,2.9,0.2618,True,1,1.5,-2.0
4,1,2,-1.3499,3.2618,0.5236,True,0,1.5,-3.0
4,1,3,-1.5882,3.5725,0.7854,True,0,1.5,-3.0
4,1,4,-1.8989,3.8108,1.0472,True,0,1.5,-3.0
4,1,5,-2.2607,3.9607,1.309,False,0,1.5,-9999.0
4,1,6,-2.6489,4.0118,1.5708,False,0,1.5,-9999.0
4,1,7,-3.0371,3.9607,1.8326,False,0,1.5,-9999.0
4,1,8,-3.3989,3.8108,2.0944,True,19,1.5,16.0
4,1,9,-3.7096,3.5725,2.3562,True,29,1.5,26.0
4,1,10,-3.9479,3.2618,2.618,True,39,1.5,36.0
4,1,11,-4.0978,2.9,2.8798,True,55,1.5,52.0
4,1,12,-4.1489,2.5118,3.1416,True,75,1.5,72.0
4,1,13,-4.0978,2.1236,3.4034,True,94,1.5,91.0
4,1,14,-3.9479,1.7618,3.6652,True,114,1.5,111.0
4,1,15,-3.7096,1.4511,3.927,True,126,1.5,123.0
4,1,16,-3.3989,1.2128,4.1888,True,125,1.5,122.0
4,1,17,-3.0371,1.0629,4.4506,True,106,1.5,103.0
4,1,18,-2.6489,1.0118,4.7124,True,84,1.5,81.0
4,1,19,-2.2607,1.0629,4.9742,True,58,1.5,55.0
4,1,20,-1.8989,1.2128,5.236,False,0,1.5,-9999.0
4,1,21,-1.5882,1.4511,5.4978,False,0,1.5,-9999.0
4,1,22,-1.3499,1.7618,5.7596,False,0,1.5,-9999.0
4,1,23,-1.2,2.1236,6.0214,False,0,1.5,-9999.0
4,2,0,-2.2096,1.4511,0.0,True,4,1.5,1.0
4,2,1,-2.2607,1.8393,0.2618,True,0,1.5,-3.0
4,2,2,-2.4106,2.2011,0.5236,True,0,1.5,-3.0
4,2,3,-2.6489,2.5118,0.7854,True,0,1.5,-3.0
4,2,4,-2.9596,2.7501,1.0472,True,1,1.5,-2.0
4,2,5,-3.3214,2.9,1.309,True,5,1.5,2.0
4,2,6,-3.7096,2.9511,1.5708,True,7,1.5,4.0
4,2,7,-4.0978,2.9,1.8326,True,8,1.5,5.0
4,2,8,-4.4596,2.7501,2.0944,True,11,1.5,8.0
4,2,9,-4.7703,2.5118,2.3562,True,11,1.5,8.0
4,2,10,-5.0086,2.2011,2.618,True,8,1.5,5.0
4,2,11,-5.1585,1.8393,2.8798,True,10,1.5,7.0
4,2,12,-5.2096,1.4511,3.1416,True,19,1.5,16.0
4,2,13,-5.1585,1.0629,3.4034,True,22,1.5,19.0
4,2,14,-5.0086,0.7011,3.6652,True,38,1.5,35.0
4,2,15,-4.7703,0.3904,3.927,True,59,1.5,56.0
4,2,16,-4.4596,0.1521,4.1888,True,84,1.5,81.0
4,2,17,-4.0978,0.0022,4.4506,True,101,1.5,98.0
4,2,18,-3.7096,-0.0489,4.7124,True,102,1.5,99.0
4,2,19,-3.3214,0.0022,4.9742,True,91,1.5,88.0
4,2,20,-2.9596,0.1521,5.236,True,65,1.5,62.0
4,2,21,-2.6489,0.3904,5.4978,True,39,1.5,36.0
4,2,22,-2.4106,0.7011,5.7596,True,23,1.5,20.0
4,2,23,-2.2607,1.0629,6.0214,True,9,1.5,6.0
4,3,0,-2.2096,-0.0489,0.0,True,8,1.5,5.0
4,3,1,-2.2607,0.3393,0.2618,True,0,1.5,-3.0
4,3,2,-2.4106,0.7011,0.5236,True,0,1.5,-3.0
4,3,3,-2.6489,1.0118,0.7854,True,0,1.5,-3.0
4,3,4,-2.9596,1.2501,1.0472,True,0,1.5,-3.0
4,3,5,-3.3214,1.4,1.309,True,0,1.5,-3.0
4,3,6,-3.7096,1.4511,1.5708,True,0,1.5,-3.0
4,3,7,-4.0978,1.4,1.8326,True,4,1.5,1.0
4,3,8,-4.4596,1.2501,2.0944,True,2,1.5,-1.0
4,3,9,-4.7703,1.0118,2.3562,True,1,1.5,-2.0
4,3,10,-5.0086,0.7011,2.618,True,0,1.5,-3.0
4,3,11,-5.1585,0.3393,2.8798,True,3,1.5,-0.0
4,3,12,-5.2096,-0.0489,3.1416,True,12,1.5,9.0
4,3,13,-5.1585,-0.4371,3.4034,True,19,1.5,16.0
4,3,14,-5.0086,-0.7989,3.6652,True,38,1.5,35.0
4,3,15,-4.7703,-1.1096,3.927,True,59,1.5,56.0
4,3,16,-4.4596,-1.3479,4.1888,True,84,1.5,81.0
4,3,17,-4.0978,-1.4978,4.4506,True,99,1.5,96.0
4,3,18,-3.7096,-1.5489,4.7124,True,102,1.5,99.0
4,3,19,-3.3214,-1.4978,4.9742,True,93,1.5,90.0
4,3,20,-2.9596,-1.3479,5.236,True,72,1.5,69.0
4,3,21,-2.6489,-1.1096,5.4978,True,46,1.5,43.0
4,3,22,-2.4106,-0.7989,5.7596,True,26,1.5,23.0
4,3,23,-2.2607,-0.4371,6.0214,True,9,1.5,6.0
4,4,0,-2.2096,-1.5489,0.0,True,6,1.5,3.0
4,4,1,-2.2607,-1.1607,0.2618,True,0,1.5,-3.0
4,4,2,-2.4106,-0.7989,0.5236,True,0,1.5,-3.0
4,4,3,-2.6489,-0.4882,0.7854,True,0,1.5,-3.0
4,4,4,-2.9596,-0.2499,1.0472,True,0,1.5,-3.0
4,4,5,-3.3214,-0.1,1.309,True,0,1.5,-3.0
4,4,6,-3.7096,-0.0489,1.5708,True,0,1.5,-3.0
4,4,7,-4.0978,-0.1,1.8326,True,0,1.5,-3.0
4,4,8,-4.4596,-0.2499,2.0944,True,0,1.5,-3.0
4,4,9,-4.7703,-0.4882,2.3562,True,0,1.5,-3.0
4,4,10,-5.0086,-0.7989,2.618,True,0,1.5,-3.0
4,4,11,-5.1585,-1.1607,2.8798,True,3,1.5,-0.0
4,4,12,-5.2096,-1.5489,3.1416,True,6,1.5,3.0
4,4,13,-5.1585,-1.9371,3.4034,True,6,1.5,3.0
4,4,14,-5.0086,-2.2989,3.6652,True,8,1.5,5.0
4,4,15,-4.7703,-2.6096,3.927,True,10,1.5,7.0
4,4,16,-4.4596,-2.8479,4.1888,True,9,1.5,6.0
4,4,17,-4.0978,-2.9978,4.4506,True,11,1.5,8.0
4,4,18,-3.7096,-3.0489,4.7124,True,23,1.5,20.0
4,4,19,-3.3214,-2.9978,4.9742,True,31,1.5,28.0
4,4,20,-2.9596,-2.8479,5.236,True,41,1.5,38.0
4,4,21,-2.6489,-2.6096,5.4978,True,39,1.5,36.0
4,4,22,-2.4106,-2.2989,5.7596,True,19,1.5,16.0
4,4,23,-2.2607,-1.9371,6.0214,True,4,1.5,1.0
4,5,0,-1.4596,-2.8479,0.0,True,133,1.5,130.0
4,5,1,-1.5107,-2.4597,0.2618,False,0,1.5,-9999.0
4,5,2,-1.6606,-2.0979,0.5236,False,0,1.5,-9999.0
4,5,3,-1.8989,-1.7872,0.7854,False,0,1.5,-9999.0
4,5,4,-2.2096,-1.5489,1.0472,True,4,1.5,1.0
4,5,5,-2.5714,-1.399,1.309,True,0,1.5,-3.0
4,5,6,-2.9596,-1.3479,1.5708,True,0,1.5,-3.0
4,5,7,-3.3478,-1.399,1.8326,True,0,1.5,-3.0
4,5,8,-3.7096,-1.5489,2.0944,True,0,1.5,-3.0
4,5,9,-4.0203,-1.7872,2.3562,True,7,1.5,4.0
4,5,10,-4.2586,-2.0979,2.618,True,9,1.5,6.0
4,5,11,-4.4085,-2.4597,2.8798,True,9,1.5,6.0
4,5,12,-4.4596,-2.8479,3.1416,True,8,1.5,5.0
4,5,13,-4.4085,-3.2361,3.4034,True,6,1.5,3.0
4,5,14,-4.2586,-3.5979,3.6652,True,6,1.5,3.0
4,5,15,-4.0203,-3.9086,3.927,True,6,1.5,3.0
4,5,16,-3.7096,-4.1469,4.1888,False,0,1.5,-9999.0
4,5,17,-3.3478,-4.2968,4.4506,False,0,1.5,-9999.0
4,5,18,-2.9596,-4.3479,4.7124,False,0,1.5,-9999.0
4,5,19,-2.5714,-4.2968,4.9742,False,0,1.5,-9999.0
4,5,20,-2.2096,-4.1469,5.236,False,0,1.5,-9999.0
4,5,21,-1.8989,-3.9086,5.4978,True,54,1.5,51.0
4,5,22,-1.6606,-3.5979,5.7596,True,80,1.5,77.0
4,5,23,-1.5107,-3.2361,6.0214,True,109,1.5,106.0
4,6,0,0.0404,-2.8479,0.0,True,84,1.5,81.0
4,6,1,-0.0107,-2.4597,0.2618,True,101,1.5,98.0
4,6,2,-0.1606,-2.0979,0.5236,True,110,1.5,107.0
4,6,3,-0.3989,-1.7872,0.7854,True,110,1.5,107.0
4,6,4,-0.7096,-1.5489,1.0472,True,96,1.5,93.0
4,6,5,-1.0714,-1.399,1.309,True,69,1.5,66.0
4,6,6,-1.4596,-1.3479,1.5708,True,52,1.5,49.0
4,6,7,-1.8478,-1.399,1.8326,True,30,1.5,27.0
4,6,8,-2.2096,-1.5489,2.0944,False,0,1.5,-9999.0
4,6,9,-2.5203,-1.7872,2.3562,False,0,1.5,-9999.0
4,6,10,-2.7586,-2.0979,2.618,False,0,1.5,-9999.0
4,6,11,-2.9085,-2.4597,2.8798,True,0,1.5,-3.0
4,6,12,-2.9596,-2.8479,3.1416,True,0,1.5,-3.0
4,6,13,-2.9085,-3.2361,3.4034,True,0,1.5,-3.0
4,6,14,-2.7586,-3.5979,3.6652,True,0,1.5,-3.0
4,6,15,-2.5203,-3.9086,3.927,True,0,1.5,-3.0
4,6,16,-2.2096,-4.1469,4.1888,False,0,1.5,-9999.0
4,6,17,-1.8478,-4.2968,4.4506,False,0,1.5,-9999.0
4,6,18,-1.4596,-4.3479,4.7124,False,0,1.5,-9999.0
4,6,19,-1.0714,-4.2968,4.9742,False,0,1.5,-9999.0
4,6,20,-0.7096,-4.1469,5.236,False,0,1.5,-9999.0
4,6,21,-0.3989,-3.9086,5.4978,True,28,1.5,25.0
4,6,22,-0.1606,-3.5979,5.7596,True,47,1.5,44.0
4,6,23,-0.0107,-3.2361,6.0214,True,66,1.5,63.0
4,7,0,1.3394,-2.0979,0.0,True,22,1.5,19.0
4,7,1,1.2883,-1.7097,0.2618,True,36,1.5,33.0
4,7,2,1.1384,-1.3479,0.5236,True,40,1.5,37.0
4,7,3,0.9001,-1.0372,0.7854,True,44,1.5,41.0
4,7,4,0.5894,-0.7989,1.0472,True,47,1.5,44.0
4,7,5,0.2276,-0.649,1.309,True,44,1.5,41.0
4,7,6,-0.1606,-0.5979,1.5708,True,40,1.5,37.0
4,7,7,-0.5488,-0.649,1.8326,True,33,1.5,30.0
4,7,8,-0.9106,-0.7989,2.0944,True,20,1.5,17.0
4,7,9,-1.2213,-1.0372,2.3562,True,12,1.5,9.0
4,7,10,-1.4596,-1.3479,2.618,True,7,1.5,4.0
4,7,11,-1.6095,-1.7097,2.8798,True,1,1.5,-2.0
4,7,12,-1.6606,-2.0979,3.1416,True,0,1.5,-3.0
4,7,13,-1.6095,-2.4861,3.4034,True,0,1.5,-3.0
4,7,14,-1.4596,-2.8479,3.6652,True,0,1.5,-3.0
4,7,15,-1.2213,-3.1586,3.927,True,0,1.5,-3.0
4,7,16,-0.9106,-3.3969,4.1888,True,0,1.5,-3.0
4,7,17,-0.5488,-3.5468,4.4506,True,0,1.5,-3.0
4,7,18,-0.1606,-3.5979,4.7124,True,6,1.5,3.0
4,7,19,0.2276,-3.5468,4.9742,True,16,1.5,13.0
4,7,20,0.5894,-3.3969,5.236,True,26,1.5,23.0
4,7,21,0.9001,-3.1586,5.4978,True,35,1.5,32.0
4,7,22,1.1384,-2.8479,5.7596,True,42,1.5,39.0
4,7,23,1.2883,-2.4861,6.0214,True,44,1.5,41.0
4,8,0,2.0894,-0.7989,0.0,False,0,1.5,-9999.0
4,8,1,2.0383,-0.4107,0.2618,False,0,1.5,-9999.0
4,8,2,1.8884,-0.0489,0.5236,True,6,1.5,3.0
4,8,3,1.6501,0.2618,0.7854,True,10,1.5,7.0
4,8,4,1.3394,0.5001,1.0472,True,11,1.5,8.0
4,8,5,0.9776,0.65,1.309,True,15,1.5,12.0
4,8,6,0.5894,0.7011,1.5708,True,13,1.5,10.0
4,8,7,0.2012,0.65,1.8326,True,2,1.5,-1.0
4,8,8,-0.1606,0.5001,2.0944,True,0,1.5,-3.0
4,8,9,-0.4713,0.2618,2.3562,True,0,1.5,-3.0
4,8,10,-0.7096,-0.0489,2.618,True,0,1.5,-3.0
4,8,11,-0.8595,-0.4107,2.8798,True,0,1.5,-3.0
4,8,12,-0.9106,-0.7989,3.1416,True,0,1.5,-3.0
4,8,13,-0.8595,-1.1871,3.4034,True,0,1.5,-3.0
4,8,14,-0.7096,-1.5489,3.6652,True,0,1.5,-3.0
4,8,15,-0.4713,-1.8596,3.927,True,0,1.5,-3.0
4,8,16,-0.1606,-2.0979,4.1888,True,0,1.5,-3.0
4,8,17,0.2012,-2.2478,4.4506,True,9,1.5,6.0
4,8,18,0.5894,-2.2989,4.7124,True,17,1.5,14.0
4,8,19,0.9776,-2.2478,4.9742,True,23,1.5,20.0
4,8,20,1.3394,-2.0979,5.236,True,15,1.5,12.0
4,8,21,1.6501,-1.8596,5.4978,True,8,1.5,5.0
4,8,22,1.8884,-1.5489,5.7596,True,2,1.5,-1.0
4,8,23,2.0383,-1.1871,6.0214,False,0,1.5,-9999.0
4,9,0,2.4776,-2.2478,0.0,True,134,1.5,131.0
4,9,1,2.4265,-1.8596,0.2618,False,0,1.5,-9999.0
4,9,2,2.2766,-1.4978,0.5236,False,0,1.5,-9999.0
4,9,3,2.0383,-1.1871,0.7854,False,0,1.5,-9999.0
4,9,4,1.7276,-0.9488,1.0472,True,1,1.5,-2.0
4,9,5,1.3658,-0.7989,1.309,True,1,1.5,-2.0
4,9,6,0.9776,-0.7478,1.5708,True,2,1.5,-1.0
4,9,7,0.5894,-0.7989,1.8326,True,0,1.5,-3.0
4,9,8,0.2276,-0.9488,2.0944,True,0,1.5,-3.0
4,9,9,-0.0831,-1.1871,2.3562,True,0,1.5,-3.0
4,9,10,-0.3214,-1.4978,2.618,True,0,1.5,-3.0
4,9,11,-0.4713,-1.8596,2.8798,True,0,1.5,-3.0
4,9,12,-0.5224,-2.2478,3.1416,True,0,1.5,-3.0
4,9,13,-0.4713,-2.636,3.4034,True,0,1.5,-3.0
4,9,14,-0.3214,-2.9978,3.6652,True,0,1.5,-3.0
4,9,15,-0.0831,-3.3085,3.927,True,1,1.5,-2.0
4,9,16,0.2276,-3.5468,4.1888,True,4,1.5,1.0
4,9,17,0.5894,-3.6967,4.4506,True,8,1.5,5.0
4,9,18,0.9776,-3.7478,4.7124,True,21,1.5,18.0
4,9,19,1.3658,-3.6967,4.9742,True,39,1.5,36.0
4,9,20,1.7276,-3.5468,5.236,True,61,1.5,58.0
4,9,21,2.0383,-3.3085,5.4978,True,86,1.5,83.0
4,9,22,2.2766,-2.9978,5.7596,True,107,1.5,104.0
4,9,23,2.4265,-2.636,6.0214,False,0,1.5,-9999.0
4,10,0,3.9776,-2.2478,0.0,True,105,1.5,102.0
4,10,1,3.9265,-1.8596,0.2618,True,114,1.5,111.0
4,10,2,3.7766,-1.4978,0.5236,False,0,1.5,-9999.0
4,10,3,3.5383,-1.1871,0.7854,False,0,1.5,-9999.0
4,10,4,3.2276,-0.9488,1.0472,False,0,1.5,-9999.0
4,10,5,2.8658,-0.7989,1.309,True,84,1.5,81.0
4,10,6,2.4776,-0.7478,1.5708,True,97,1.5,94.0
4,10,7,2.0894,-0.7989,1.8326,True,67,1.5,64.0
4,10,8,1.7276,-0.9488,2.0944,False,0,1.5,-9999.0
4,10,9,1.4169,-1.1871,2.3562,False,0,1.5,-9999.0
4,10,10,1.1786,-1.4978,2.618,False,0,1.5,-9999.0
4,10,11,1.0287,-1.8596,2.8798,False,0,1.5,-9999.0
4,10,12,0.9776,-2.2478,3.1416,False,0,1.5,-9999.0
4,10,13,1.0287,-2.636,3.4034,False,0,1.5,-9999.0
4,10,14,1.1786,-2.9978,3.6652,False,0,1.5,-9999.0
4,10,15,1.4169,-3.3085,3.927,True,0,1.5,-3.0
4,10,16,1.7276,-3.5468,4.1888,True,0,1.5,-3.0
4,10,17,2.0894,-3.6967,4.4506,True,0,1.5,-3.0
4,10,18,2.4776,-3.7478,4.7124,True,5,1.5,2.0
4,10,19,2.8658,-3.6967,4.9742,True,13,1.5,10.0
4,10,20,3.2276,-3.5468,5.236,True,30,1.5,27.0
4,10,21,3.5383,-3.3085,5.4978,True,48,1.5,45.0
4,10,22,3.7766,-2.9978,5.7596,True,68,1.5,65.0
4,10,23,3.9265,-2.636,6.0214,True,85,1.5,82.0
4,11,0,5.4265,-1.8596,0.0,True,19,1.5,16.0
4,11,1,5.3754,-1.4714,0.2618,True,35,1.5,32.0
4,11,2,5.2255,-1.1096,0.5236,True,52,1.5,49.0
4,11,3,4.9872,-0.7989,0.7854,True,71,1.5,68.0
4,11,4,4.6765,-0.5606,1.0472,True,95,1.5,92.0
4,11,5,4.3147,-0.4107,1.309,True,112,1.5,109.0
4,11,6,3.9265,-0.3596,1.5708,True,116,1.5,113.0
4,11,7,3.5383,-0.4107,1.8326,False,0,1.5,-9999.0
4,11,8,3.1765,-0.5606,2.0944,False,0,1.5,-9999.0
4,11,9,2.8658,-0.7989,2.3562,False,0,1.5,-9999.0
4,11,10,2.6275,-1.1096,2.618,False,0,1.5,-9999.0
4,11,11,2.4776,-1.4714,2.8798,False,0,1.5,-9999.0
4,11,12,2.4265,-1.8596,3.1416,True,9,1.5,6.0
4,11,13,2.4776,-2.2478,3.4034,True,0,1.5,-3.0
4,11,14,2.6275,-2.6096,3.6652,True,0,1.5,-3.0
4,11,15,2.8658,-2.9203,3.927,True,0,1.5,-3.0
4,11,16,3.1765,-3.1586,4.1888,True,0,1.5,-3.0
4,11,17,3.5383,-3.3085,4.4506,True,1,1.5,-2.0
4,11,18,3.9265,-3.3596,4.7124,True,1,1.5,-2.0
4,11,19,4.3147,-3.3085,4.9742,True,1,1.5,-2.0
4,11,20,4.6765,-3.1586,5.236,True,2,1.5,-1.0
4,11,21,4.9872,-2.9203,5.4978,True,4,1.5,1.0
4,11,22,5.2255,-2.6096,5.7596,True,4,1.5,1.0
4,11,23,5.3754,-2.2478,6.0214,True,10,1.5,7.0
4,12,0,5.4265,-0.3596,0.0,True,9,1.5,6.0
4,12,1,5.3754,0.0286,0.2618,True,20,1.5,17.0
4,12,2,5.2255,0.3904,0.5236,True,32,1.5,29.0
4,12,3,4.9872,0.7011,0.7854,True,50,1.5,47.0
4,12,4,4.6765,0.9394,1.0472,True,74,1.5,71.0
4,12,5,4.3147,1.0893,1.309,True,96,1.5,93.0
4,12,6,3.9265,1.1404,1.5708,True,102,1.5,99.0
4,12,7,3.5383,1.0893,1.8326,True,96,1.5,93.0
4,12,8,3.1765,0.9394,2.0944,True,76,1.5,73.0
4,12,9,2.8658,0.7011,2.3562,True,51,1.5,48.0
4,12,10,2.6275,0.3904,2.618,True,29,1.5,26.0
4,12,11,2.4776,0.0286,2.8798,True,15,1.5,12.0
4,12,12,2.4265,-0.3596,3.1416,True,4,1.5,1.0
4,12,13,2.4776,-0.7478,3.4034,True,1,1.5,-2.0
4,12,14,2.6275,-1.1096,3.6652,False,0,1.5,-9999.0
4,12,15,2.8658,-1.4203,3.927,False,0,1.5,-9999.0
4,12,16,3.1765,-1.6586,4.1888,False,0,1.5,-9999.0
4,12,17,3.5383,-1.8085,4.4506,False,0,1.5,-9999.0
4,12,18,3.9265,-1.8596,4.7124,True,0,1.5,-3.0
4,12,19,4.3147,-1.8085,4.9742,True,3,1.5,0.0
4,12,20,4.6765,-1.6586,5.236,True,4,1.5,1.0
4,12,21,4.9872,-1.4203,5.4978,True,4,1.5,1.0
4,12,22,5.2255,-1.1096,5.7596,True,3,1.5,0.0
4,12,23,5.3754,-0.7478,6.0214,True,5,1.5,2.0
4,13,0,5.4265,1.1404,0.0,True,6,1.5,3.0
4,13,1,5.3754,1.5286,0.2618,True,13,1.5,10.0
4,13,2,5.2255,1.8904,0.5236,True,16,1.5,13.0
4,13,3,4.9872,2.2011,0.7854,True,20,1.5,17.0
4,13,4,4.6765,2.4394,1.0472,True,28,1.5,25.0
4,13,5,4.3147,2.5893,1.309,True,34,1.5,31.0
4,13,6,3.9265,2.6404,1.5708,True,35,1.5,32.0
4,13,7,3.5383,2.5893,1.8326,True,36,1.5,33.0
4,13,8,3.1765,2.4394,2.0944,True,34,1.5,31.0
4,13,9,2.8658,2.2011,2.3562,True,32,1.5,29.0
4,13,10,2.6275,1.8904,2.618,True,26,1.5,23.0
4,13,11,2.4776,1.5286,2.8798,True,19,1.5,16.0
4,13,12,2.4265,1.1404,3.1416,True,8,1.5,5.0
4,13,13,2.4776,0.7522,3.4034,True,3,1.5,0.0
4,13,14,2.6275,0.3904,3.6652,True,0,1.5,-3.0
4,13,15,2.8658,0.0797,3.927,True,0,1.5,-3.0
4,13,16,3.1765,-0.1586,4.1888,True,0,1.5,-3.0
4,13,17,3.5383,-0.3085,4.4506,True,0,1.5,-3.0
4,13,18,3.9265,-0.3596,4.7124,True,0,1.5,-3.0
4,13,19,4.3147,-0.3085,4.9742,True,0,1.5,-3.0
4,13,20,4.6765,-0.1586,5.236,True,0,1.5,-3.0
4,13,21,4.9872,0.0797,5.4978,True,0,1.5,-3.0
4,13,22,5.2255,0.3904,5.7596,True,0,1.5,-3.0
4,13,23,5.3754,0.7522,6.0214,True,2,1.5,-1.0
4,14,0,5.0383,2.5893,0.0,True,2,1.5,-1.0
4,14,1,4.9872,2.9775,0.2618,True,3,1.5,0.0
4,14,2,4.8373,3.3393,0.5236,True,1,1.5,-2.0
4,14,3,4.599,3.65,0.7854,True,0,1.5,-3.0
4,14,4,4.2883,3.8883,1.0472,True,0,1.5,-3.0
4,14,5,3.9265,4.0382,1.309,False,0,1.5,-9999.0
4,14,6,3.5383,4.0893,1.5708,False,0,1.5,-9999.0
4,14,7,3.1501,4.0382,1.8326,False,0,1.5,-9999.0
4,14,8,2.7883,3.8883,2.0944,True,2,1.5,-1.0
4,14,9,2.4776,3.65,2.3562,True,3,1.5,-0.0
4,14,10,2.2393,3.3393,2.618,True,6,1.5,3.0
4,14,11,2.0894,2.9775,2.8798,True,8,1.5,5.0
4,14,12,2.0383,2.5893,3.1416,False,0,1.5,-9999.0
4,14,13,2.0894,2.2011,3.4034,True,1,1.5,-2.0
4,14,14,2.2393,1.8393,3.6652,True,2,1.5,-1.0
4,14,15,2.4776,1.5286,3.927,True,1,1.5,-2.0
4,14,16,2.7883,1.2903,4.1888,True,0,1.5,-3.0
4,14,17,3.1501,1.1404,4.4506,True,0,1.5,-3.0
4,14,18,3.5383,1.0893,4.7124,True,0,1.5,-3.0
4,14,19,3.9265,1.1404,4.9742,True,0,1.5,-3.0
4,14,20,4.2883,1.2903,5.236,True,0,1.5,-3.0
4,14,21,4.599,1.5286,5.4978,True,2,1.5,-1.0
4,14,22,4.8373,1.8393,5.7596,True,2,1.5,-1.0
4,14,23,4.9872,2.2011,6.0214,True,2,1.5,-1.0
4,15,0,3.5894,2.9775,0.0,True,0,1.5,-3.0
4,15,1,3.5383,3.3657,0.2618,True,0,1.5,-3.0
4,15,2,3.3884,3.7275,0.5236,True,0,1.5,-3.0
4,15,3,3.1501,4.0382,0.7854,False,0,1.5,-9999.0
4,15,4,2.8394,4.2765,1.0472,False,0,1.5,-9999.0
4,15,5,2.4776,4.4264,1.309,False,0,1.5,-9999.0
4,15,6,2.0894,4.4775,1.5708,False,0,1.5,-9999.0
4,15,7,1.7012,4.4264,1.8326,False,0,1.5,-9999.0
4,15,8,1.3394,4.2765,2.0944,False,0,1.5,-9999.0
4,15,9,1.0287,4.0382,2.3562,False,0,1.5,-9999.0
4,15,10,0.7904,3.7275,2.618,True,6,1.5,3.0
4,15,11,0.6405,3.3657,2.8798,True,7,1.5,4.0
4,15,12,0.5894,2.9775,3.1416,True,7,1.5,4.0
4,15,13,0.6405,2.5893,3.4034,True,7,1.5,4.0
4,15,14,0.7904,2.2275,3.6652,True,5,1.5,2.0
4,15,15,1.0287,1.9168,3.927,True,4,1.5,1.0
4,15,16,1.3394,1.6785,4.1888,True,4,1.5,1.0
4,15,17,1.7012,1.5286,4.4506,False,0,1.5,-9999.0
4,15,18,2.0894,1.4775,4.7124,True,0,1.5,-3.0
4,15,19,2.4776,1.5286,4.9742,True,0,1.5,-3.0
4,15,20,2.8394,1.6785,5.236,True,0,1.5,-3.0
4,15,21,3.1501,1.9168,5.4978,True,0,1.5,-3.0
4,15,22,3.3884,2.2275,5.7596,True,1,1.5,-2.0
4,15,23,3.5383,2.5893,6.0214,True,0,1.5,-3.0
5,0,0,2.3,-3.0,0.0,True,99,1.5,96.0
5,0,1,2.2489,-2.6118,0.2618,True,108,1.5,105.0
5,0,2,2.099,-2.25,0.5236,False,0,1.5,-9999.0
5,0,3,1.8607,-1.9393,0.7854,True,30,1.5,27.0
5,0,4,1.55,-1.701,1.0472,True,56,1.5,53.0
5,0,5,1.1882,-1.5511,1.309,True,72,1.5,69.0
5,0,6,0.8,-1.5,1.5708,True,95,1.5,92.0
5,0,7,0.4118,-1.5511,1.8326,True,111,1.5,108.0
5,0,8,0.05,-1.701,2.0944,True,116,1.5,113.0
5,0,9,-0.2607,-1.9393,2.3562,True,108,1.5,105.0
5,0,10,-0.499,-2.25,2.618,True,95,1.5,92.0
5,0,11,-0.6489,-2.6118,2.8798,True,80,1.5,77.0
5,0,12,-0.7,-3.0,3.1416,True,70,1.5,67.0
5,0,13,-0.6489,-3.3882,3.4034,True,57,1.5,54.0
5,0,14,-0.499,-3.75,3.6652,True,44,1.5,41.0
5,0,15,-0.2607,-4.0607,3.927,False,0,1.5,-9999.0
5,0,16,0.05,-4.299,4.1888,False,0,1.5,-9999.0
5,0,17,0.4118,-4.4489,4.4506,False,0,1.5,-9999.0
5,0,18,0.8,-4.5,4.7124,False,0,1.5,-9999.0
5,0,19,1.1882,-4.4489,4.9742,False,0,1.5,-9999.0
5,0,20,1.55,-4.299,5.236,False,0,1.5,-9999.0
5,0,21,1.8607,-4.0607,5.4978,False,0,1.5,-9999.0
5,0,22,2.099,-3.75,5.7596,True,65,1.5,62.0
5,0,23,2.2489,-3.3882,6.0214,True,84,1.5,81.0
5,1,0,1.55,-1.701,0.0,True,14,1.5,11.0
5,1,1,1.4989,-1.3128,0.2618,True,12,1.5,9.0
5,1,2,1.349,-0.951,0.5236,True,21,1.5,18.0
5,1,3,1.1107,-0.6403,0.7854,True,31,1.5,28.0
5,1,4,0.8,-0.402,1.0472,True,45,1.5,42.0
5,1,5,0.4382,-0.2521,1.309,True,51,1.5,48.0
5,1,6,0.05,-0.201,1.5708,True,52,1.5,49.0
5,1,7,-0.3382,-0.2521,1.8326,True,52,1.5,49.0
5,1,8,-0.7,-0.402,2.0944,True,48,1.5,45.0
5,1,9,-1.0107,-0.6403,2.3562,True,39,1.5,36.0
5,1,10,-1.249,-0.951,2.618,True,25,1.5,22.0
5,1,11,-1.3989,-1.3128,2.8798,True,22,1.5,19.0
5,1,12,-1.45,-1.701,3.1416,True,17,1.5,14.0
5,1,13,-1.3989,-2.0892,3.4034,True,22,1.5,19.0
5,1,14,-1.249,-2.451,3.6652,True,34,1.5,31.0
5,1,15,-1.0107,-2.7617,3.927,True,40,1.5,37.0
5,1,16,-0.7,-3.0,4.1888,True,29,1.5,26.0
5,1,17,-0.3382,-3.1499,4.4506,True,21,1.5,18.0
5,1,18,0.05,-3.201,4.7124,True,9,1.5,6.0
5,1,19,0.4382,-3.1499,4.9742,True,3,1.5,0.0
5,1,20,0.8,-3.0,5.236,True,0,1.5,-3.0
5,1,21,1.1107,-2.7617,5.4978,True,8,1.5,5.0
5,1,22,1.349,-2.451,5.7596,True,10,1.5,7.0
5,1,23,1.4989,-2.0892,6.0214,True,5,1.5,2.0
5,2,0,1.55,-0.201,0.0,True,27,1.5,24.0
5,2,1,1.4989,0.1872,0.2618,True,24,1.5,21.0
5,2,2,1.349,0.549,0.5236,True,40,1.5,37.0
5,2,3,1.1107,0.8597,0.7854,True,53,1.5,50.0
5,2,4,0.8,1.098,1.0472,True,53,1.5,50.0
5,2,5,0.4382,1.2479,1.309,False,0,1.5,-9999.0
5,2,6,0.05,1.299,1.5708,False,0,1.5,-9999.0
5,2,7,-0.3382,1.2479,1.8326,False,0,1.5,-9999.0
5,2,8,-0.7,1.098,2.0944,False,0,1.5,-9999.0
5,2,9,-1.0107,0.8597,2.3562,True,57,1.5,54.0
5,2,10,-1.249,0.549,2.618,True,41,1.5,38.0
5,2,11,-1.3989,0.1872,2.8798,True,29,1.5,26.0
5,2,12,-1.45,-0.201,3.1416,True,18,1.5,15.0
5,2,13,-1.3989,-0.5892,3.4034,True,12,1.5,9.0
5,2,14,-1.249,-0.951,3.6652,True,5,1.5,2.0
5,2,15,-1.0107,-1.2617,3.927,True,8,1.5,5.0
5,2,16,-0.7,-1.5,4.1888,True,7,1.5,4.0
5,2,17,-0.3382,-1.6499,4.4506,True,5,1.5,2.0
5,2,18,0.05,-1.701,4.7124,True,0,1.5,-3.0
5,2,19,0.4382,-1.6499,4.9742,True,0,1.5,-3.0
5,2,20,0.8,-1.5,5.236,True,1,1.5,-2.0
5,2,21,1.1107,-1.2617,5.4978,True,2,1.5,-1.0
5,2,22,1.349,-0.951,5.7596,True,4,1.5,1.0
5,2,23,1.4989,-0.5892,6.0214,True,6,1.5,3.0
5,3,0,0.4893,0.8597,0.0,True,0,1.5,-3.0
5,3,1,0.4382,1.2479,0.2618,False,0,1.5,-9999.0
5,3,2,0.2883,1.6097,0.5236,False,0,1.5,-9999.0
5,3,3,0.05,1.9204,0.7854,False,0,1.5,-9999.0
5,3,4,-0.2607,2.1587,1.0472,False,0,1.5,-9999.0
5,3,5,-0.6225,2.3086,1.309,True,123,1.5,120.0
5,3,6,-1.0107,2.3597,1.5708,True,119,1.5,116.0
5,3,7,-1.3989,2.3086,1.8326,True,104,1.5,101.0
5,3,8,-1.7607,2.1587,2.0944,True,65,1.5,62.0
5,3,9,-2.0714,1.9204,2.3562,False,0,1.5,-9999.0
5,3,10,-2.3097,1.6097,2.618,False,0,1.5,-9999.0
5,3,11,-2.4596,1.2479,2.8798,False,0,1.5,-9999.0
5,3,12,-2.5107,0.8597,3.1416,False,0,1.5,-9999.0
5,3,13,-2.4596,0.4715,3.4034,False,0,1.5,-9999.0
5,3,14,-2.3097,0.1097,3.6652,False,0,1.5,-9999.0
5,3,15,-2.0714,-0.201,3.927,False,0,1.5,-9999.0
5,3,16,-1.7607,-0.4393,4.1888,True,1,1.5,-2.0
5,3,17,-1.3989,-0.5892,4.4506,True,6,1.5,3.0
5,3,18,-1.0107,-0.6403,4.7124,True,4,1.5,1.0
5,3,19,-0.6225,-0.5892,4.9742,True,0,1.5,-3.0
5,3,20,-0.2607,-0.4393,5.236,True,0,1.5,-3.0
5,3,21,0.05,-0.201,5.4978,True,0,1.5,-3.0
5,3,22,0.2883,0.1097,5.7596,True,6,1.5,3.0
5,3,23,0.4382,0.4715,6.0214,True,11,1.5,8.0
5,4,0,0.8775,2.3086,0.0,True,38,1.5,35.0
5,4,1,0.8264,2.6968,0.2618,True,42,1.5,39.0
5,4,2,0.6765,3.0586,0.5236,True,39,1.5,36.0
5,4,3,0.4382,3.3693,0.7854,True,32,1.5,29.0
5,4,4,0.1275,3.6076,1.0472,True,24,1.5,21.0
5,4,5,-0.2343,3.7575,1.309,True,19,1.5,16.0
5,4,6,-0.6225,3.8086,1.5708,True,17,1.5,14.0
5,4,7,-1.0107,3.7575,1.8326,True,29,1.5,26.0
5,4,8,-1.3725,3.6076,2.0944,True,44,1.5,41.0
5,4,9,-1.6832,3.3693,2.3562,True,64,1.5,61.0
5,4,10,-1.9215,3.0586,2.618,True,90,1.5,87.0
5,4,11,-2.0714,2.6968,2.8798,True,127,1.5,124.0
5,4,12,-2.1225,2.3086,3.1416,False,0,1.5,-9999.0
5,4,13,-2.0714,1.9204,3.4034,False,0,1.5,-9999.0
5,4,14,-1.9215,1.5586,3.6652,True,3,1.5,0.0
5,4,15,-1.6832,1.2479,3.927,True,5,1.5,2.0
5,4,16,-1.3725,1.0096,4.1888,True,0,1.5,-3.0
5,4,17,-1.0107,0.8597,4.4506,True,0,1.5,-3.0
5,4,18,-0.6225,0.8086,4.7124,False,0,1.5,-9999.0
5,4,19,-0.2343,0.8597,4.9742,False,0,1.5,-9999.0
5,4,20,0.1275,1.0096,5.236,False,0,1.5,-9999.0
5,4,21,0.4382,1.2479,5.4978,False,0,1.5,-9999.0
5,4,22,0.6765,1.5586,5.7596,False,0,1.5,-9999.0
5,4,23,0.8264,1.9204,6.0214,True,23,1.5,20.0
5,5,0,-0.5714,2.6968,0.0,True,3,1.5,0.0
5,5,1,-0.6225,3.085,0.2618,True,5,1.5,2.0
5,5,2,-0.7724,3.4468,0.5236,True,5,1.5,2.0
5,5,3,-1.0107,3.7575,0.7854,True,3,1.5,-0.0
5,5,4,-1.3214,3.9958,1.0472,False,0,1.5,-9999.0
5,5,5,-1.6832,4.1457,1.309,False,0,1.5,-9999.0
5,5,6,-2.0714,4.1968,1.5708,False,0,1.5,-9999.0
5,5,7,-2.4596,4.1457,1.8326,False,0,1.5,-9999.0
5,5,8,-2.8214,3.9958,2.0944,False,0,1.5,-9999.0
5,5,9,-3.1321,3.7575,2.3562,True,30,1.5,27.0
5,5,10,-3.3704,3.4468,2.618,True,52,1.5,49.0
5,5,11,-3.5203,3.085,2.8798,True,71,1.5,68.0
5,5,12,-3.5714,2.6968,3.1416,True,95,1.5,92.0
5,5,13,-3.5203,2.3086,3.4034,True,113,1.5,110.0
5,5,14,-3.3704,1.9468,3.6652,True,130,1.5,127.0
5,5,15,-3.1321,1.6361,3.927,True,122,1.5,119.0
5,5,16,-2.8214,1.3978,4.1888,True,106,1.5,103.0
5,5,17,-2.4596,1.2479,4.4506,True,84,1.5,81.0
5,5,18,-2.0714,1.1968,4.7124,True,66,1.5,63.0
5,5,19,-1.6832,1.2479,4.9742,False,0,1.5,-9999.0
5,5,20,-1.3214,1.3978,5.236,False,0,1.5,-9999.0
5,5,21,-1.0107,1.6361,5.4978,True,0,1.5,-3.0
5,5,22,-0.7724,1.9468,5.7596,True,0,1.5,-3.0
5,5,23,-0.6225,2.3086,6.0214,True,0,1.5,-3.0
5,6,0,-1.8704,1.9468,0.0,False,0,1.5,-9999.0
5,6,1,-1.9215,2.335,0.2618,False,0,1.5,-9999.0
5,6,2,-2.0714,2.6968,0.5236,True,0,1.5,-3.0
5,6,3,-2.3097,3.0075,0.7854,True,0,1.5,-3.0
5,6,4,-2.6204,3.2458,1.0472,True,0,1.5,-3.0
5,6,5,-2.9822,3.3957,1.309,True,2,1.5,-1.0
5,6,6,-3.3704,3.4468,1.5708,True,6,1.5,3.0
5,6,7,-3.7586,3.3957,1.8326,True,6,1.5,3.0
5,6,8,-4.1204,3.2458,2.0944,True,6,1.5,3.0
5,6,9,-4.4311,3.0075,2.3562,True,7,1.5,4.0
5,6,10,-4.6694,2.6968,2.618,True,10,1.5,7.0
5,6,11,-4.8193,2.335,2.8798,True,14,1.5,11.0
5,6,12,-4.8704,1.9468,3.1416,True,25,1.5,22.0
5,6,13,-4.8193,1.5586,3.4034,True,35,1.5,32.0
5,6,14,-4.6694,1.1968,3.6652,True,53,1.5,50.0
5,6,15,-4.4311,0.8861,3.927,True,75,1.5,72.0
5,6,16,-4.1204,0.6478,4.1888,True,93,1.5,90.0
5,6,17,-3.7586,0.4979,4.4506,True,101,1.5,98.0
5,6,18,-3.3704,0.4468,4.7124,True,96,1.5,93.0
5,6,19,-2.9822,0.4979,4.9742,True,74,1.5,71.0
5,6,20,-2.6204,0.6478,5.236,True,53,1.5,50.0
5,6,21,-2.3097,0.8861,5.4978,True,33,1.5,30.0
5,6,22,-2.0714,1.1968,5.7596,True,17,1.5,14.0
5,6,23,-1.9215,1.5586,6.0214,False,0,1.5,-9999.0
5,7,0,-2.2586,0.4979,0.0,True,4,1.5,1.0
5,7,1,-2.3097,0.8861,0.2618,True,0,1.5,-3.0
5,7,2,-2.4596,1.2479,0.5236,True,0,1.5,-3.0
5,7,3,-2.6979,1.5586,0.7854,True,0,1.5,-3.0
5,7,4,-3.0086,1.7969,1.0472,True,0,1.5,-3.0
5,7,5,-3.3704,1.9468,1.309,True,0,1.5,-3.0
5,7,6,-3.7586,1.9979,1.5708,True,6,1.5,3.0
5,7,7,-4.1468,1.9468,1.8326,True,9,1.5,6.0
5,7,8,-4.5086,1.7969,2.0944,True,7,1.5,4.0
5,7,9,-4.8193,1.5586,2.3562,True,5,1.5,2.0
5,7,10,-5.0576,1.2479,2.618,True,3,1.5,0.0
5,7,11,-5.2075,0.8861,2.8798,True,4,1.5,1.0
5,7,12,-5.2586,0.4979,3.1416,True,11,1.5,8.0
5,7,13,-5.2075,0.1097,3.4034,True,19,1.5,16.0
5,7,14,-5.0576,-0.2521,3.6652,True,35,1.5,32.0
5,7,15,-4.8193,-0.5628,3.927,True,57,1.5,54.0
5,7,16,-4.5086,-0.8011,4.1888,True,80,1.5,77.0
5,7,17,-4.1468,-0.951,4.4506,True,90,1.5,87.0
5,7,18,-3.7586,-1.0021,4.7124,True,93,1.5,90.0
5,7,19,-3.3704,-0.951,4.9742,True,79,1.5,76.0
5,7,20,-3.0086,-0.8011,5.236,True,58,1.5,55.0
5,7,21,-2.6979,-0.5628,5.4978,True,36,1.5,33.0
5,7,22,-2.4596,-0.2521,5.7596,True,20,1.5,17.0
5,7,23,-2.3097,0.1097,6.0214,True,10,1.5,7.0
5,8,0,-2.2586,-1.0021,0.0,True,5,1.5,2.0
5,8,1,-2.3097,-0.6139,0.2618,True,0,1.5,-3.0
5,8,2,-2.4596,-0.2521,0.5236,True,0,1.5,-3.0
5,8,3,-2.6979,0.0586,0.7854,True,0,1.5,-3.0
5,8,4,-3.0086,0.2969,1.0472,True,0,1.5,-3.0
5,8,5,-3.3704,0.4468,1.309,True,0,1.5,-3.0
5,8,6,-3.7586,0.4979,1.5708,True,0,1.5,-3.0
5,8,7,-4.1468,0.4468,1.8326,True,0,1.5,-3.0
5,8,8,-4.5086,0.2969,2.0944,True,0,1.5,-3.0
5,8,9,-4.8193,0.0586,2.3562,True,0,1.5,-3.0
5,8,10,-5.0576,-0.2521,2.618,True,0,1.5,-3.0
5,8,11,-5.2075,-0.6139,2.8798,True,3,1.5,0.0
5,8,12,-5.2586,-1.0021,3.1416,True,11,1.5,8.0
5,8,13,-5.2075,-1.3903,3.4034,True,19,1.5,16.0
5,8,14,-5.0576,-1.7521,3.6652,True,23,1.5,20.0
5,8,15,-4.8193,-2.0628,3.927,True,30,1.5,27.0
5,8,16,-4.5086,-2.3011,4.1888,True,37,1.5,34.0
5,8,17,-4.1468,-2.451,4.4506,True,39,1.5,36.0
5,8,18,-3.7586,-2.5021,4.7124,True,38,1.5,35.0
5,8,19,-3.3704,-2.451,4.9742,True,36,1.5,33.0
5,8,20,-3.0086,-2.3011,5.236,True,27,1.5,24.0
5,8,21,-2.6979,-2.0628,5.4978,True,20,1.5,17.0
5,8,22,-2.4596,-1.7521,5.7596,True,16,1.5,13.0
5,8,23,-2.3097,-1.3903,6.0214,True,13,1.5,10.0
5,9,0,-2.6468,-2.451,0.0,True,2,1.5,-1.0
5,9,1,-2.6979,-2.0628,0.2618,True,2,1.5,-1.0
5,9,2,-2.8478,-1.701,0.5236,True,2,1.5,-1.0
5,9,3,-3.0861,-1.3903,0.7854,True,0,1.5,-3.0
5,9,4,-3.3968,-1.152,1.0472,True,0,1.5,-3.0
5,9,5,-3.7586,-1.0021,1.309,True,0,1.5,-3.0
5,9,6,-4.1468,-0.951,1.5708,True,0,1.5,-3.0
5,9,7,-4.535,-1.0021,1.8326,True,0,1.5,-3.0
5,9,8,-4.8968,-1.152,2.0944,True,0,1.5,-3.0
5,9,9,-5.2075,-1.3903,2.3562,True,0,1.5,-3.0
5,9,10,-5.4458,-1.701,2.618,True,0,1.5,-3.0
5,9,11,-5.5957,-2.0628,2.8798,True,0,1.5,-3.0
5,9,12,-5.6468,-2.451,3.1416,True,0,1.5,-3.0
5,9,13,-5.5957,-2.8392,3.4034,True,0,1.5,-3.0
5,9,14,-5.4458,-3.201,3.6652,True,0,1.5,-3.0
5,9,15,-5.2075,-3.5117,3.927,True,0,1.5,-3.0
5,9,16,-4.8968,-3.75,4.1888,True,0,1.5,-3.0
5,9,17,-4.535,-3.8999,4.4506,True,0,1.5,-3.0
5,9,18,-4.1468,-3.951,4.7124,False,0,1.5,-9999.0
5,9,19,-3.7586,-3.8999,4.9742,True,0,1.5,-3.0
5,9,20,-3.3968,-3.75,5.236,True,0,1.5,-3.0
5,9,21,-3.0861,-3.5117,5.4978,True,0,1.5,-3.0
5,9,22,-2.8478,-3.201,5.7596,True,1,1.5,-2.0
5,9,23,-2.6979,-2.8392,6.0214,True,2,1.5,-1.0
5,10,0,-1.1468,-2.451,0.0,False,0,1.5,-9999.0
5,10,1,-1.1979,-2.0628,0.2618,False,0,1.5,-9999.0
5,10,2,-1.3478,-1.701,0.5236,False,0,1.5,-9999.0
5,10,3,-1.5861,-1.3903,0.7854,False,0,1.5,-9999.0
5,10,4,-1.8968,-1.152,1.0472,False,0,1.5,-9999.0
5,10,5,-2.2586,-1.0021,1.309,True,0,1.5,-3.0
5,10,6,-2.6468,-0.951,1.5708,True,0,1.5,-3.0
5,10,7,-3.035,-1.0021,1.8326,True,0,1.5,-3.0
5,10,8,-3.3968,-1.152,2.0944,True,0,1.5,-3.0
5,10,9,-3.7075,-1.3903,2.3562,True,0,1.5,-3.0
5,10,10,-3.9458,-1.701,2.618,True,0,1.5,-3.0
5,10,11,-4.0957,-2.0628,2.8798,True,0,1.5,-3.0
5,10,12,-4.1468,-2.451,3.1416,True,0,1.5,-3.0
5,10,13,-4.0957,-2.8392,3.4034,True,0,1.5,-3.0
5,10,14,-3.9458,-3.201,3.6652,True,0,1.5,-3.0
5,10,15,-3.7075,-3.5117,3.927,True,0,1.5,-3.0
5,10,16,-3.3968,-3.75,4.1888,True,0,1.5,-3.0
5,10,17,-3.035,-3.8999,4.4506,True,0,1.5,-3.0
5,10,18,-2.6468,-3.951,4.7124,False,0,1.5,-9999.0
5,10,19,-2.2586,-3.8999,4.9742,True,0,1.5,-3.0
5,10,20,-1.8968,-3.75,5.236,True,0,1.5,-3.0
5,10,21,-1.5861,-3.5117,5.4978,True,0,1.5,-3.0
5,10,22,-1.3478,-3.201,5.7596,True,0,1.5,-3.0
5,10,23,-1.1979,-2.8392,6.0214,True,0,1.5,-3.0
6,0,0,2.3,2.9,0.0,True,123,1.5,120.0
6,0,1,2.2489,3.2882,0.2618,True,101,1.5,98.0
6,0,2,2.099,3.65,0.5236,True,76,1.5,73.0
6,0,3,1.8607,3.9607,0.7854,False,0,1.5,-9999.0
6,0,4,1.55,4.199,1.0472,False,0,1.5,-9999.0
6,0,5,1.1882,4.3489,1.309,False,0,1.5,-9999.0
6,0,6,0.8,4.4,1.5708,False,0,1.5,-9999.0
6,0,7,0.4118,4.3489,1.8326,False,0,1.5,-9999.0
6,0,8,0.05,4.199,2.0944,False,0,1.5,-9999.0
6,0,9,-0.2607,3.9607,2.3562,False,0,1.5,-9999.0
6,0,10,-0.499,3.65,2.618,True,53,1.5,50.0
6,0,11,-0.6489,3.2882,2.8798,True,69,1.5,66.0
6,0,12,-0.7,2.9,3.1416,True,79,1.5,76.0
6,0,13,-0.6489,2.5118,3.4034,True,78,1.5,75.0
6,0,14,-0.499,2.15,3.6652,True,54,1.5,51.0
6,0,15,-0.2607,1.8393,3.927,False,0,1.5,-9999.0
6,0,16,0.05,1.601,4.1888,False,0,1.5,-9999.0
6,0,17,0.4118,1.4511,4.4506,False,0,1.5,-9999.0
6,0,18,0.8,1.4,4.7124,True,45,1.5,42.0
6,0,19,1.1882,1.4511,4.9742,True,65,1.5,62.0
6,0,20,1.55,1.601,5.236,True,64,1.5,61.0
6,0,21,1.8607,1.8393,5.4978,True,36,1.5,33.0
6,0,22,2.099,2.15,5.7596,False,0,1.5,-9999.0
6,0,23,2.2489,2.5118,6.0214,False,0,1.5,-9999.0
6,1,0,3.8,2.9,0.0,True,81,1.5,78.0
6,1,1,3.7489,3.2882,0.2618,True,61,1.5,58.0
6,1,2,3.599,3.65,0.5236,True,44,1.5,41.0
6,1,3,3.3607,3.9607,0.7854,False,0,1.5,-9999.0
6,1,4,3.05,4.199,1.0472,False,0,1.5,-9999.0
6,1,5,2.6882,4.3489,1.309,False,0,1.5,-9999.0
6,1,6,2.3,4.4,1.5708,False,0,1.5,-9999.0
6,1,7,1.9118,4.3489,1.8326,False,0,1.5,-9999.0
6,1,8,1.55,4.199,2.0944,False,0,1.5,-9999.0
6,1,9,1.2393,3.9607,2.3562,False,0,1.5,-9999.0
6,1,10,1.001,3.65,2.618,True,1,1.5,-2.0
6,1,11,0.8511,3.2882,2.8798,True,2,1.5,-1.0
6,1,12,0.8,2.9,3.1416,True,0,1.5,-3.0
6,1,13,0.8511,2.5118,3.4034,True,12,1.5,9.0
6,1,14,1.001,2.15,3.6652,True,23,1.5,20.0
6,1,15,1.2393,1.8393,3.927,False,0,1.5,-9999.0
6,1,16,1.55,1.601,4.1888,False,0,1.5,-9999.0
6,1,17,1.9118,1.4511,4.4506,False,0,1.5,-9999.0
6,1,18,2.3,1.4,4.7124,True,68,1.5,65.0
6,1,19,2.6882,1.4511,4.9742,True,88,1.5,85.0
6,1,20,3.05,1.601,5.236,True,114,1.5,111.0
6,1,21,3.3607,1.8393,5.4978,True,132,1.5,129.0
6,1,22,3.599,2.15,5.7596,True,128,1.5,125.0
6,1,23,3.7489,2.5118,6.0214,True,103,1.5,100.0
6,2,0,4.8607,1.8393,0.0,True,26,1.5,23.0
6,2,1,4.8096,2.2275,0.2618,True,17,1.5,14.0
6,2,2,4.6597,2.5893,0.5236,True,13,1.5,10.0
6,2,3,4.4214,2.9,0.7854,True,10,1.5,7.0
6,2,4,4.1107,3.1383,1.0472,True,7,1.5,4.0
6,2,5,3.7489,3.2882,1.309,True,7,1.5,4.0
6,2,6,3.3607,3.3393,1.5708,True,7,1.5,4.0
6,2,7,2.9725,3.2882,1.8326,True,2,1.5,-1.0
6,2,8,2.6107,3.1383,2.0944,True,0,1.5,-3.0
6,2,9,2.3,2.9,2.3562,True,0,1.5,-3.0
6,2,10,2.0617,2.5893,2.618,True,0,1.5,-3.0
6,2,11,1.9118,2.2275,2.8798,False,0,1.5,-9999.0
6,2,12,1.8607,1.8393,3.1416,False,0,1.5,-9999.0
6,2,13,1.9118,1.4511,3.4034,False,0,1.5,-9999.0
6,2,14,2.0617,1.0893,3.6652,True,20,1.5,17.0
6,2,15,2.3,0.7786,3.927,True,17,1.5,14.0
6,2,16,2.6107,0.5403,4.1888,True,29,1.5,26.0
6,2,17,2.9725,0.3904,4.4506,True,53,1.5,50.0
6,2,18,3.3607,0.3393,4.7124,True,65,1.5,62.0
6,2,19,3.7489,0.3904,4.9742,True,77,1.5,74.0
6,2,20,4.1107,0.5403,5.236,True,75,1.5,72.0
6,2,21,4.4214,0.7786,5.4978,True,62,1.5,59.0
6,2,22,4.6597,1.0893,5.7596,True,47,1.5,44.0
6,2,23,4.8096,1.4511,6.0214,True,39,1.5,36.0
6,3,0,5.2489,0.3904,0.0,True,9,1.5,6.0
6,3,1,5.1978,0.7786,0.2618,True,4,1.5,1.0
6,3,2,5.0479,1.1404,0.5236,True,3,1.5,0.0
6,3,3,4.8096,1.4511,0.7854,True,6,1.5,3.0
6,3,4,4.4989,1.6894,1.0472,True,9,1.5,6.0
6,3,5,4.1371,1.8393,1.309,True,10,1.5,7.0
6,3,6,3.7489,1.8904,1.5708,True,8,1.5,5.0
6,3,7,3.3607,1.8393,1.8326,True,0,1.5,-3.0
6,3,8,2.9989,1.6894,2.0944,True,0,1.5,-3.0
6,3,9,2.6882,1.4511,2.3562,True,1,1.5,-2.0
6,3,10,2.4499,1.1404,2.618,True,6,1.5,3.0
6,3,11,2.3,0.7786,2.8798,True,7,1.5,4.0
6,3,12,2.2489,0.3904,3.1416,True,15,1.5,12.0
6,3,13,2.3,0.0022,3.4034,True,24,1.5,21.0
6,3,14,2.4499,-0.3596,3.6652,True,46,1.5,43.0
6,3,15,2.6882,-0.6703,3.927,True,37,1.5,34.0
6,3,16,2.9989,-0.9086,4.1888,False,0,1.5,-9999.0
6,3,17,3.3607,-1.0585,4.4506,False,0,1.5,-9999.0
6,3,18,3.7489,-1.1096,4.7124,False,0,1.5,-9999.0
6,3,19,4.1371,-1.0585,4.9742,True,80,1.5,77.0
6,3,20,4.4989,-0.9086,5.236,True,81,1.5,78.0
6,3,21,4.8096,-0.6703,5.4978,True,64,1.5,61.0
6,3,22,5.0479,-0.3596,5.7596,True,44,1.5,41.0
6,3,23,5.1978,0.0022,6.0214,True,25,1.5,22.0
6,4,0,5.9989,-0.9086,0.0,False,0,1.5,-9999.0
6,4,1,5.9478,-0.5204,0.2618,False,0,1.5,-9999.0
6,4,2,5.7979,-0.1586,0.5236,True,0,1.5,-3.0
6,4,3,5.5596,0.1521,0.7854,True,0,1.5,-3.0
6,4,4,5.2489,0.3904,1.0472,True,0,1.5,-3.0
6,4,5,4.8871,0.5403,1.309,True,0,1.5,-3.0
6,4,6,4.4989,0.5914,1.5708,True,0,1.5,-3.0
6,4,7,4.1107,0.5403,1.8326,True,0,1.5,-3.0
6,4,8,3.7489,0.3904,2.0944,True,0,1.5,-3.0
6,4,9,3.4382,0.1521,2.3562,True,4,1.5,1.0
6,4,10,3.1999,-0.1586,2.618,True,9,1.5,6.0
6,4,11,3.05,-0.5204,2.8798,True,8,1.5,5.0
6,4,12,2.9989,-0.9086,3.1416,False,0,1.5,-9999.0
6,4,13,3.05,-1.2968,3.4034,False,0,1.5,-9999.0
6,4,14,3.1999,-1.6586,3.6652,False,0,1.5,-9999.0
6,4,15,3.4382,-1.9693,3.927,False,0,1.5,-9999.0
6,4,16,3.7489,-2.2076,4.1888,True,90,1.5,87.0
6,4,17,4.1107,-2.3575,4.4506,True,84,1.5,81.0
6,4,18,4.4989,-2.4086,4.7124,True,74,1.5,71.0
6,4,19,4.8871,-2.3575,4.9742,True,61,1.5,58.0
6,4,20,5.2489,-2.2076,5.236,True,44,1.5,41.0
6,4,21,5.5596,-1.9693,5.4978,True,27,1.5,24.0
6,4,22,5.7979,-1.6586,5.7596,True,19,1.5,16.0
6,4,23,5.9478,-1.2968,6.0214,False,0,1.5,-9999.0
6,5,0,5.2489,-2.2076,0.0,True,0,1.5,-3.0
6,5,1,5.1978,-1.8194,0.2618,True,0,1.5,-3.0
6,5,2,5.0479,-1.4576,0.5236,True,0,1.5,-3.0
6,5,3,4.8096,-1.1469,0.7854,True,0,1.5,-3.0
6,5,4,4.4989,-0.9086,1.0472,True,0,1.5,-3.0
6,5,5,4.1371,-0.7587,1.309,True,0,1.5,-3.0
6,5,6,3.7489,-0.7076,1.5708,False,0,1.5,-9999.0
6,5,7,3.3607,-0.7587,1.8326,False,0,1.5,-9999.0
6,5,8,2.9989,-0.9086,2.0944,False,0,1.5,-9999.0
6,5,9,2.6882,-1.1469,2.3562,False,0,1.5,-9999.0
6,5,10,2.4499,-1.4576,2.618,True,16,1.5,13.0
6,5,11,2.3,-1.8194,2.8798,True,4,1.5,1.0
6,5,12,2.2489,-2.2076,3.1416,True,6,1.5,3.0
6,5,13,2.3,-2.5958,3.4034,True,41,1.5,38.0
6,5,14,2.4499,-2.9576,3.6652,True,63,1.5,60.0
6,5,15,2.6882,-3.2683,3.927,True,52,1.5,49.0
6,5,16,2.9989,-3.5066,4.1888,True,37,1.5,34.0
6,5,17,3.3607,-3.6565,4.4506,True,21,1.5,18.0
6,5,18,3.7489,-3.7076,4.7124,True,10,1.5,7.0
6,5,19,4.1371,-3.6565,4.9742,True,2,1.5,-1.0
6,5,20,4.4989,-3.5066,5.236,True,0,1.5,-3.0
6,5,21,4.8096,-3.2683,5.4978,True,0,1.5,-3.0
6,5,22,5.0479,-2.9576,5.7596,True,1,1.5,-2.0
6,5,23,5.1978,-2.5958,6.0214,True,0,1.5,-3.0
6,6,0,3.9499,-2.9576,0.0,True,0,1.5,-3.0
6,6,1,3.8988,-2.5694,0.2618,True,0,1.5,-3.0
6,6,2,3.7489,-2.2076,0.5236,True,0,1.5,-3.0
6,6,3,3.5106,-1.8969,0.7854,True,0,1.5,-3.0
6,6,4,3.1999,-1.6586,1.0472,True,1,1.5,-2.0
6,6,5,2.8381,-1.5087,1.309,True,3,1.5,0.0
6,6,6,2.4499,-1.4576,1.5708,True,12,1.5,9.0
6,6,7,2.0617,-1.5087,1.8326,True,33,1.5,30.0
6,6,8,1.6999,-1.6586,2.0944,False,0,1.5,-9999.0
6,6,9,1.3892,-1.8969,2.3562,False,0,1.5,-9999.0
6,6,10,1.1509,-2.2076,2.618,True,149,1.5,146.0
6,6,11,1.001,-2.5694,2.8798,True,146,1.5,143.0
6,6,12,0.9499,-2.9576,3.1416,True,130,1.5,127.0
6,6,13,1.001,-3.3458,3.4034,True,101,1.5,98.0
6,6,14,1.1509,-3.7076,3.6652,True,71,1.5,68.0
6,6,15,1.3892,-4.0183,3.927,False,0,1.5,-9999.0
6,6,16,1.6999,-4.2566,4.1888,False,0,1.5,-9999.0
6,6,17,2.0617,-4.4065,4.4506,False,0,1.5,-9999.0
6,6,18,2.4499,-4.4576,4.7124,False,0,1.5,-9999.0
6,6,19,2.8381,-4.4065,4.9742,False,0,1.5,-9999.0
6,6,20,3.1999,-4.2566,5.236,False,0,1.5,-9999.0
6,6,21,3.5106,-4.0183,5.4978,False,0,1.5,-9999.0
6,6,22,3.7489,-3.7076,5.7596,True,0,1.5,-3.0
6,6,23,3.8988,-3.3458,6.0214,True,0,1.5,-3.0
6,7,0,2.6509,-2.2076,0.0,False,0,1.5,-9999.0
6,7,1,2.5998,-1.8194,0.2618,False,0,1.5,-9999.0
6,7,2,2.4499,-1.4576,0.5236,False,0,1.5,-9999.0
6,7,3,2.2116,-1.1469,0.7854,False,0,1.5,-9999.0
6,7,4,1.9009,-0.9086,1.0472,True,13,1.5,10.0
6,7,5,1.5391,-0.7587,1.309,True,25,1.5,22.0
6,7,6,1.1509,-0.7076,1.5708,True,39,1.5,36.0
6,7,7,0.7627,-0.7587,1.8326,True,57,1.5,54.0
6,7,8,0.4009,-0.9086,2.0944,True,73,1.5,70.0
6,7,9,0.0902,-1.1469,2.3562,True,80,1.5,77.0
6,7,10,-0.1481,-1.4576,2.618,True,88,1.5,85.0
6,7,11,-0.298,-1.8194,2.8798,True,87,1.5,84.0
6,7,12,-0.3491,-2.2076,3.1416,True,81,1.5,78.0
6,7,13,-0.298,-2.5958,3.4034,True,67,1.5,64.0
6,7,14,-0.1481,-2.9576,3.6652,True,52,1.5,49.0
6,7,15,0.0902,-3.2683,3.927,True,38,1.5,35.0
6,7,16,0.4009,-3.5066,4.1888,True,25,1.5,22.0
6,7,17,0.7627,-3.6565,4.4506,True,13,1.5,10.0
6,7,18,1.1509,-3.7076,4.7124,True,4,1.5,1.0
6,7,19,1.5391,-3.6565,4.9742,True,2,1.5,-1.0
6,7,20,1.9009,-3.5066,5.236,True,3,1.5,-0.0
6,7,21,2.2116,-3.2683,5.4978,True,1,1.5,-2.0
6,7,22,2.4499,-2.9576,5.7596,True,0,1.5,-3.0
6,7,23,2.5998,-2.5958,6.0214,False,0,1.5,-9999.0
6,8,0,1.3519,-1.4576,0.0,True,0,1.5,-3.0
6,8,1,1.3008,-1.0694,0.2618,True,0,1.5,-3.0
6,8,2,1.1509,-0.7076,0.5236,True,0,1.5,-3.0
6,8,3,0.9126,-0.3969,0.7854,True,3,1.5,0.0
6,8,4,0.6019,-0.1586,1.0472,True,7,1.5,4.0
6,8,5,0.2401,-0.0087,1.309,True,11,1.5,8.0
6,8,6,-0.1481,0.0424,1.5708,True,14,1.5,11.0
6,8,7,-0.5363,-0.0087,1.8326,True,16,1.5,13.0
6,8,8,-0.8981,-0.1586,2.0944,True,19,1.5,16.0
6,8,9,-1.2088,-0.3969,2.3562,True,13,1.5,10.0
6,8,10,-1.4471,-0.7076,2.618,True,11,1.5,8.0
6,8,11,-1.597,-1.0694,2.8798,True,11,1.5,8.0
6,8,12,-1.6481,-1.4576,3.1416,True,15,1.5,12.0
6,8,13,-1.597,-1.8458,3.4034,True,9,1.5,6.0
6,8,14,-1.4471,-2.2076,3.6652,True,22,1.5,19.0
6,8,15,-1.2088,-2.5183,3.927,True,37,1.5,34.0
6,8,16,-0.8981,-2.7566,4.1888,True,36,1.5,33.0
6,8,17,-0.5363,-2.9065,4.4506,True,28,1.5,25.0
6,8,18,-0.1481,-2.9576,4.7124,True,15,1.5,12.0
6,8,19,0.2401,-2.9065,4.9742,True,6,1.5,3.0
6,8,20,0.6019,-2.7566,5.236,True,1,1.5,-2.0
6,8,21,0.9126,-2.5183,5.4978,True,0,1.5,-3.0
6,8,22,1.1509,-2.2076,5.7596,True,0,1.5,-3.0
6,8,23,1.3008,-1.8458,6.0214,True,0,1.5,-3.0
6,9,0,0.2912,-2.5183,0.0,True,0,1.5,-3.0
6,9,1,0.2401,-2.1301,0.2618,True,0,1.5,-3.0
6,9,2,0.0902,-1.7683,0.5236,True,0,1.5,-3.0
6,9,3,-0.1481,-1.4576,0.7854,True,0,1.5,-3.0
6,9,4,-0.4588,-1.2193,1.0472,True,10,1.5,7.0
6,9,5,-0.8206,-1.0694,1.309,True,12,1.5,9.0
6,9,6,-1.2088,-1.0183,1.5708,True,10,1.5,7.0
6,9,7,-1.597,-1.0694,1.8326,True,10,1.5,7.0
6,9,8,-1.9588,-1.2193,2.0944,False,0,1.5,-9999.0
6,9,9,-2.2695,-1.4576,2.3562,False,0,1.5,-9999.0
6,9,10,-2.5078,-1.7683,2.618,False,0,1.5,-9999.0
6,9,11,-2.6577,-2.1301,2.8798,False,0,1.5,-9999.0
6,9,12,-2.7088,-2.5183,3.1416,False,0,1.5,-9999.0
6,9,13,-2.6577,-2.9065,3.4034,True,144,1.5,141.0
6,9,14,-2.5078,-3.2683,3.6652,True,118,1.5,115.0
6,9,15,-2.2695,-3.579,3.927,True,87,1.5,84.0
6,9,16,-1.9588,-3.8173,4.1888,True,62,1.5,59.0
6,9,17,-1.597,-3.9672,4.4506,False,0,1.5,-9999.0
6,9,18,-1.2088,-4.0183,4.7124,False,0,1.5,-9999.0
6,9,19,-0.8206,-3.9672,4.9742,False,0,1.5,-9999.0
6,9,20,-0.4588,-3.8173,5.236,True,5,1.5,2.0
6,9,21,-0.1481,-3.579,5.4978,True,2,1.5,-1.0
6,9,22,0.0902,-3.2683,5.7596,True,1,1.5,-2.0
6,9,23,0.2401,-2.9065,6.0214,True,0,1.5,-3.0
6,10,0,-1.1577,-2.9065,0.0,True,0,1.5,-3.0
6,10,1,-1.2088,-2.5183,0.2618,True,0,1.5,-3.0
6,10,2,-1.3587,-2.1565,0.5236,False,0,1.5,-9999.0
6,10,3,-1.597,-1.8458,0.7854,False,0,1.5,-9999.0
6,10,4,-1.9077,-1.6075,1.0472,False,0,1.5,-9999.0
6,10,5,-2.2695,-1.4576,1.309,True,57,1.5,54.0
6,10,6,-2.6577,-1.4065,1.5708,True,78,1.5,75.0
6,10,7,-3.0459,-1.4576,1.8326,True,104,1.5,101.0
6,10,8,-3.4077,-1.6075,2.0944,True,120,1.5,117.0
6,10,9,-3.7184,-1.8458,2.3562,True,122,1.5,119.0
6,10,10,-3.9567,-2.1565,2.618,True,108,1.5,105.0
6,10,11,-4.1066,-2.5183,2.8798,True,87,1.5,84.0
6,10,12,-4.1577,-2.9065,3.1416,True,67,1.5,64.0
6,10,13,-4.1066,-3.2947,3.4034,True,49,1.5,46.0
6,10,14,-3.9567,-3.6565,3.6652,True,34,1.5,31.0
6,10,15,-3.7184,-3.9672,3.927,False,0,1.5,-9999.0
6,10,16,-3.4077,-4.2055,4.1888,False,0,1.5,-9999.0
6,10,17,-3.0459,-4.3554,4.4506,False,0,1.5,-9999.0
6,10,18,-2.6577,-4.4065,4.7124,False,0,1.5,-9999.0
6,10,19,-2.2695,-4.3554,4.9742,False,0,1.5,-9999.0
6,10,20,-1.9077,-4.2055,5.236,False,0,1.5,-9999.0
6,10,21,-1.597,-3.9672,5.4978,False,0,1.5,-9999.0
6,10,22,-1.3587,-3.6565,5.7596,True,0,1.5,-3.0
6,10,23,-1.2088,-3.2947,6.0214,True,0,1.5,-3.0
6,11,0,-2.2184,-1.8458,0.0,True,2,1.5,-1.0
6,11,1,-2.2695,-1.4576,0.2618,True,11,1.5,8.0
6,11,2,-2.4194,-1.0958,0.5236,True,23,1.5,20.0
6,11,3,-2.6577,-0.7851,0.7854,True,41,1.5,38.0
6,11,4,-2.9684,-0.5468,1.0472,True,64,1.5,61.0
6,11,5,-3.3302,-0.3969,1.309,True,90,1.5,87.0
6,11,6,-3.7184,-0.3458,1.5708,True,101,1.5,98.0
6,11,7,-4.1066,-0.3969,1.8326,True,99,1.5,96.0
6,11,8,-4.4684,-0.5468,2.0944,True,81,1.5,78.0
6,11,9,-4.7791,-0.7851,2.3562,True,61,1.5,58.0
6,11,10,-5.0174,-1.0958,2.618,True,38,1.5,35.0
6,11,11,-5.1673,-1.4576,2.8798,True,23,1.5,20.0
6,11,12,-5.2184,-1.8458,3.1416,True,9,1.5,6.0
6,11,13,-5.1673,-2.234,3.4034,True,5,1.5,2.0
6,11,14,-5.0174,-2.5958,3.6652,True,3,1.5,0.0
6,11,15,-4.7791,-2.9065,3.927,True,4,1.5,1.0
6,11,16,-4.4684,-3.1448,4.1888,True,2,1.5,-1.0
6,11,17,-4.1066,-3.2947,4.4506,True,2,1.5,-1.0
6,11,18,-3.7184,-3.3458,4.7124,True,2,1.5,-1.0
6,11,19,-3.3302,-3.2947,4.9742,True,2,1.5,-1.0
6,11,20,-2.9684,-3.1448,5.236,True,0,1.5,-3.0
6,11,21,-2.6577,-2.9065,5.4978,True,0,1.5,-3.0
6,11,22,-2.4194,-2.5958,5.7596,True,0,1.5,-3.0
6,11,23,-2.2695,-2.234,6.0214,True,0,1.5,-3.0
6,12,0,-2.2184,-0.3458,0.0,True,2,1.5,-1.0
6,12,1,-2.2695,0.0424,0.2618,True,11,1.5,8.0
6,12,2,-2.4194,0.4042,0.5236,True,24,1.5,21.0
6,12,3,-2.6577,0.7149,0.7854,True,44,1.5,41.0
6,12,4,-2.9684,0.9532,1.0472,True,68,1.5,65.0
6,12,5,-3.3302,1.1031,1.309,True,91,1.5,88.0
6,12,6,-3.7184,1.1542,1.5708,True,102,1.5,99.0
6,12,7,-4.1066,1.1031,1.8326,True,100,1.5,97.0
6,12,8,-4.4684,0.9532,2.0944,True,82,1.5,79.0
6,12,9,-4.7791,0.7149,2.3562,True,61,1.5,58.0
6,12,10,-5.0174,0.4042,2.618,True,38,1.5,35.0
6,12,11,-5.1673,0.0424,2.8798,True,22,1.5,19.0
6,12,12,-5.2184,-0.3458,3.1416,True,8,1.5,5.0
6,12,13,-5.1673,-0.734,3.4034,True,4,1.5,1.0
6,12,14,-5.0174,-1.0958,3.6652,True,0,1.5,-3.0
6,12,15,-4.7791,-1.4065,3.927,True,1,1.5,-2.0
6,12,16,-4.4684,-1.6448,4.1888,True,2,1.5,-1.0
6,12,17,-4.1066,-1.7947,4.4506,True,3,1.5,0.0
6,12,18,-3.7184,-1.8458,4.7124,True,0,1.5,-3.0
6,12,19,-3.3302,-1.7947,4.9742,True,0,1.5,-3.0
6,12,20,-2.9684,-1.6448,5.236,True,0,1.5,-3.0
6,12,21,-2.6577,-1.4065,5.4978,True,0,1.5,-3.0
6,12,22,-2.4194,-1.0958,5.7596,True,0,1.5,-3.0
6,12,23,-2.2695,-0.734,6.0214,True,0,1.5,-3.0
6,13,0,-2.2184,1.1542,0.0,True,8,1.5,5.0
6,13,1,-2.2695,1.5424,0.2618,True,12,1.5,9.0
6,13,2,-2.4194,1.9042,0.5236,True,16,1.5,13.0
6,13,3,-2.6577,2.2149,0.7854,True,21,1.5,18.0
6,13,4,-2.9684,2.4532,1.0472,True,23,1.5,20.0
6,13,5,-3.3302,2.6031,1.309,True,28,1.5,25.0
6,13,6,-3.7184,2.6542,1.5708,True,29,1.5,26.0
6,13,7,-4.1066,2.6031,1.8326,True,30,1.5,27.0
6,13,8,-4.4684,2.4532,2.0944,True,30,1.5,27.0
6,13,9,-4.7791,2.2149,2.3562,True,26,1.5,23.0
6,13,10,-5.0174,1.9042,2.618,True,20,1.5,17.0
6,13,11,-5.1673,1.5424,2.8798,True,16,1.5,13.0
6,13,12,-5.2184,1.1542,3.1416,True,8,1.5,5.0
6,13,13,-5.1673,0.766,3.4034,True,4,1.5,1.0
6,13,14,-5.0174,0.4042,3.6652,True,0,1.5,-3.0
6,13,15,-4.7791,0.0935,3.927,True,0,1.5,-3.0
6,13,16,-4.4684,-0.1448,4.1888,True,0,1.5,-3.0
6,13,17,-4.1066,-0.2947,4.4506,True,0,1.5,-3.0
6,13,18,-3.7184,-0.3458,4.7124,True,0,1.5,-3.0
6,13,19,-3.3302,-0.2947,4.9742,True,0,1.5,-3.0
6,13,20,-2.9684,-0.1448,5.236,True,0,1.5,-3.0
6,13,21,-2.6577,0.0935,5.4978,True,0,1.5,-3.0
6,13,22,-2.4194,0.4042,5.7596,True,0,1.5,-3.0
6,13,23,-2.2695,0.766,6.0214,True,1,1.5,-2.0
6,14,0,-2.6066,2.6031,0.0,True,6,1.5,3.0
6,14,1,-2.6577,2.9913,0.2618,True,4,1.5,1.0
6,14,2,-2.8076,3.3531,0.5236,True,3,1.5,0.0
6,14,3,-3.0459,3.6638,0.7854,True,0,1.5,-3.0
6,14,4,-3.3566,3.9021,1.0472,True,0,1.5,-3.0
6,14,5,-3.7184,4.052,1.309,False,0,1.5,-9999.0
6,14,6,-4.1066,4.1031,1.5708,False,0,1.5,-9999.0
6,14,7,-4.4948,4.052,1.8326,False,0,1.5,-9999.0
6,14,8,-4.8566,3.9021,2.0944,True,0,1.5,-3.0
6,14,9,-5.1673,3.6638,2.3562,True,0,1.5,-3.0
6,14,10,-5.4056,3.3531,2.618,True,1,1.5,-2.0
6,14,11,-5.5555,2.9913,2.8798,True,0,1.5,-3.0
6,14,12,-5.6066,2.6031,3.1416,True,0,1.5,-3.0
6,14,13,-5.5555,2.2149,3.4034,True,0,1.5,-3.0
6,14,14,-5.4056,1.8531,3.6652,True,0,1.5,-3.0
6,14,15,-5.1673,1.5424,3.927,True,0,1.5,-3.0
6,14,16,-4.8566,1.3041,4.1888,True,0,1.5,-3.0
6,14,17,-4.4948,1.1542,4.4506,True,0,1.5,-3.0
6,14,18,-4.1066,1.1031,4.7124,True,0,1.5,-3.0
6,14,19,-3.7184,1.1542,4.9742,True,0,1.5,-3.0
6,14,20,-3.3566,1.3041,5.236,True,0,1.5,-3.0
6,14,21,-3.0459,1.5424,5.4978,True,3,1.5,0.0
6,14,22,-2.8076,1.8531,5.7596,True,5,1.5,2.0
6,14,23,-2.6577,2.2149,6.0214,True,7,1.5,4.0
6,15,0,-1.1577,2.2149,0.0,False,0,1.5,-9999.0
6,15,1,-1.2088,2.6031,0.2618,False,0,1.5,-9999.0
6,15,2,-1.3587,2.9649,0.5236,False,0,1.5,-9999.0
6,15,3,-1.597,3.2756,0.7854,True,12,1.5,9.0
6,15,4,-1.9077,3.5139,1.0472,True,11,1.5,8.0
6,15,5,-2.2695,3.6638,1.309,True,6,1.5,3.0
6,15,6,-2.6577,3.7149,1.5708,True,2,1.5,-1.0
6,15,7,-3.0459,3.6638,1.8326,True,0,1.5,-3.0
6,15,8,-3.4077,3.5139,2.0944,True,0,1.5,-3.0
6,15,9,-3.7184,3.2756,2.3562,True,0,1.5,-3.0
6,15,10,-3.9567,2.9649,2.618,True,0,1.5,-3.0
6,15,11,-4.1066,2.6031,2.8798,True,0,1.5,-3.0
6,15,12,-4.1577,2.2149,3.1416,True,1,1.5,-2.0
6,15,13,-4.1066,1.8267,3.4034,True,0,1.5,-3.0
6,15,14,-3.9567,1.4649,3.6652,True,0,1.5,-3.0
6,15,15,-3.7184,1.1542,3.927,True,0,1.5,-3.0
6,15,16,-3.4077,0.9159,4.1888,True,0,1.5,-3.0
6,15,17,-3.0459,0.766,4.4506,True,0,1.5,-3.0
6,15,18,-2.6577,0.7149,4.7124,True,0,1.5,-3.0
6,15,19,-2.2695,0.766,4.9742,True,0,1.5,-3.0
6,15,20,-1.9077,0.9159,5.236,False,0,1.5,-9999.0
6,15,21,-1.597,1.1542,5.4978,False,0,1.5,-9999.0
6,15,22,-1.3587,1.4649,5.7596,False,0,1.5,-9999.0
6,15,23,-1.2088,1.8267,6.0214,False,0,1.5,-9999.0
7,0,0,4.5,-2.7,0.0,True,60,1.5,57.0
7,0,1,4.4489,-2.3118,0.2618,True,75,1.5,72.0
7,0,2,4.299,-1.95,0.5236,True,94,1.5,91.0
7,0,3,4.0607,-1.6393,0.7854,True,100,1.5,97.0
7,0,4,3.75,-1.401,1.0472,False,0,1.5,-9999.0
7,0,5,3.3882,-1.2511,1.309,False,0,1.5,-9999.0
7,0,6,3.0,-1.2,1.5708,False,0,1.5,-9999.0
7,0,7,2.6118,-1.2511,1.8326,True,57,1.5,54.0
7,0,8,2.25,-1.401,2.0944,True,48,1.5,45.0
7,0,9,1.9393,-1.6393,2.3562,False,0,1.5,-9999.0
7,0,10,1.701,-1.95,2.618,False,0,1.5,-9999.0
7,0,11,1.5511,-2.3118,2.8798,False,0,1.5,-9999.0
7,0,12,1.5,-2.7,3.1416,True,145,1.5,142.0
7,0,13,1.5511,-3.0882,3.4034,True,120,1.5,117.0
7,0,14,1.701,-3.45,3.6652,True,98,1.5,95.0
7,0,15,1.9393,-3.7607,3.927,True,69,1.5,66.0
7,0,16,2.25,-3.999,4.1888,False,0,1.5,-9999.0
7,0,17,2.6118,-4.1489,4.4506,False,0,1.5,-9999.0
7,0,18,3.0,-4.2,4.7124,False,0,1.5,-9999.0
7,0,19,3.3882,-4.1489,4.9742,False,0,1.5,-9999.0
7,0,20,3.75,-3.999,5.236,False,0,1.5,-9999.0
7,0,21,4.0607,-3.7607,5.4978,True,18,1.5,15.0
7,0,22,4.299,-3.45,5.7596,True,26,1.5,23.0
7,0,23,4.4489,-3.0882,6.0214,True,41,1.5,38.0
7,1,0,3.0,-2.7,0.0,True,0,1.5,-3.0
7,1,1,2.9489,-2.3118,0.2618,False,0,1.5,-9999.0
7,1,2,2.799,-1.95,0.5236,False,0,1.5,-9999.0
7,1,3,2.5607,-1.6393,0.7854,False,0,1.5,-9999.0
7,1,4,2.25,-1.401,1.0472,False,0,1.5,-9999.0
7,1,5,1.8882,-1.2511,1.309,True,54,1.5,51.0
7,1,6,1.5,-1.2,1.5708,True,77,1.5,74.0
7,1,7,1.1118,-1.2511,1.8326,True,100,1.5,97.0
7,1,8,0.75,-1.401,2.0944,True,120,1.5,117.0
7,1,9,0.4393,-1.6393,2.3562,True,130,1.5,127.0
7,1,10,0.201,-1.95,2.618,True,124,1.5,121.0
7,1,11,0.0511,-2.3118,2.8798,True,106,1.5,103.0
7,1,12,0.0,-2.7,3.1416,True,89,1.5,86.0
7,1,13,0.0511,-3.0882,3.4034,True,68,1.5,65.0
7,1,14,0.201,-3.45,3.6652,True,51,1.5,48.0
7,1,15,0.4393,-3.7607,3.927,True,31,1.5,28.0
7,1,16,0.75,-3.999,4.1888,False,0,1.5,-9999.0
7,1,17,1.1118,-4.1489,4.4506,False,0,1.5,-9999.0
7,1,18,1.5,-4.2,4.7124,False,0,1.5,-9999.0
7,1,19,1.8882,-4.1489,4.9742,False,0,1.5,-9999.0
7,1,20,2.25,-3.999,5.236,False,0,1.5,-9999.0
7,1,21,2.5607,-3.7607,5.4978,True,0,1.5,-3.0
7,1,22,2.799,-3.45,5.7596,True,0,1.5,-3.0
7,1,23,2.9489,-3.0882,6.0214,True,1,1.5,-2.0
7,2,0,1.9393,-1.6393,0.0,True,3,1.5,0.0
7,2,1,1.8882,-1.2511,0.2618,True,9,1.5,6.0
7,2,2,1.7383,-0.8893,0.5236,True,16,1.5,13.0
7,2,3,1.5,-0.5786,0.7854,True,24,1.5,21.0
7,2,4,1.1893,-0.3403,1.0472,True,34,1.5,31.0
7,2,5,0.8275,-0.1904,1.309,True,50,1.5,47.0
7,2,6,0.4393,-0.1393,1.5708,True,54,1.5,51.0
7,2,7,0.0511,-0.1904,1.8326,True,52,1.5,49.0
7,2,8,-0.3107,-0.3403,2.0944,True,51,1.5,48.0
7,2,9,-0.6214,-0.5786,2.3562,True,43,1.5,40.0
7,2,10,-0.8597,-0.8893,2.618,True,37,1.5,34.0
7,2,11,-1.0096,-1.2511,2.8798,True,39,1.5,36.0
7,2,12,-1.0607,-1.6393,3.1416,True,35,1.5,32.0
7,2,13,-1.0096,-2.0275,3.4034,True,37,1.5,34.0
7,2,14,-0.8597,-2.3893,3.6652,True,40,1.5,37.0
7,2,15,-0.6214,-2.7,3.927,True,35,1.5,32.0
7,2,16,-0.3107,-2.9383,4.1888,True,30,1.5,27.0
7,2,17,0.0511,-3.0882,4.4506,True,17,1.5,14.0
7,2,18,0.4393,-3.1393,4.7124,True,11,1.5,8.0
7,2,19,0.8275,-3.0882,4.9742,True,3,1.5,0.0
7,2,20,1.1893,-2.9383,5.236,True,0,1.5,-3.0
7,2,21,1.5,-2.7,5.4978,True,0,1.5,-3.0
7,2,22,1.7383,-2.3893,5.7596,True,0,1.5,-3.0
7,2,23,1.8882,-2.0275,6.0214,True,0,1.5,-3.0
7,3,0,1.9393,-0.1393,0.0,True,46,1.5,43.0
7,3,1,1.8882,0.2489,0.2618,True,20,1.5,17.0
7,3,2,1.7383,0.6107,0.5236,True,31,1.5,28.0
7,3,3,1.5,0.9214,0.7854,True,47,1.5,44.0
7,3,4,1.1893,1.1597,1.0472,True,66,1.5,63.0
7,3,5,0.8275,1.3096,1.309,True,58,1.5,55.0
7,3,6,0.4393,1.3607,1.5708,False,0,1.5,-9999.0
7,3,7,0.0511,1.3096,1.8326,False,0,1.5,-9999.0
7,3,8,-0.3107,1.1597,2.0944,False,0,1.5,-9999.0
7,3,9,-0.6214,0.9214,2.3562,True,11,1.5,8.0
7,3,10,-0.8597,0.6107,2.618,True,47,1.5,44.0
7,3,11,-1.0096,0.2489,2.8798,True,41,1.5,38.0
7,3,12,-1.0607,-0.1393,3.1416,True,25,1.5,22.0
7,3,13,-1.0096,-0.5275,3.4034,True,19,1.5,16.0
7,3,14,-0.8597,-0.8893,3.6652,True,12,1.5,9.0
7,3,15,-0.6214,-1.2,3.927,True,12,1.5,9.0
7,3,16,-0.3107,-1.4383,4.1888,True,11,1.5,8.0
7,3,17,0.0511,-1.5882,4.4506,True,6,1.5,3.0
7,3,18,0.4393,-1.6393,4.7124,True,0,1.5,-3.0
7,3,19,0.8275,-1.5882,4.9742,True,0,1.5,-3.0
7,3,20,1.1893,-1.4383,5.236,True,1,1.5,-2.0
7,3,21,1.5,-1.2,5.4978,True,1,1.5,-2.0
7,3,22,1.7383,-0.8893,5.7596,True,2,1.5,-1.0
7,3,23,1.8882,-0.5275,6.0214,True,4,1.5,1.0
7,4,0,2.6893,1.1597,0.0,True,207,1.5,204.0
7,4,1,2.6382,1.5479,0.2618,False,0,1.5,-9999.0
7,4,2,2.4883,1.9097,0.5236,False,0,1.5,-9999.0
7,4,3,2.25,2.2204,0.7854,False,0,1.5,-9999.0
7,4,4,1.9393,2.4587,1.0472,True,77,1.5,74.0
7,4,5,1.5775,2.6086,1.309,True,90,1.5,87.0
7,4,6,1.1893,2.6597,1.5708,True,98,1.5,95.0
7,4,7,0.8011,2.6086,1.8326,True,102,1.5,99.0
7,4,8,0.4393,2.4587,2.0944,True,110,1.5,107.0
7,4,9,0.1286,2.2204,2.3562,False,0,1.5,-9999.0
7,4,10,-0.1097,1.9097,2.618,False,0,1.5,-9999.0
7,4,11,-0.2596,1.5479,2.8798,False,0,1.5,-9999.0
7,4,12,-0.3107,1.1597,3.1416,False,0,1.5,-9999.0
7,4,13,-0.2596,0.7715,3.4034,False,0,1.5,-9999.0
7,4,14,-0.1097,0.4097,3.6652,True,7,1.5,4.0
7,4,15,0.1286,0.099,3.927,True,6,1.5,3.0
7,4,16,0.4393,-0.1393,4.1888,True,0,1.5,-3.0
7,4,17,0.8011,-0.2892,4.4506,True,0,1.5,-3.0
7,4,18,1.1893,-0.3403,4.7124,True,0,1.5,-3.0
7,4,19,1.5775,-0.2892,4.9742,True,1,1.5,-2.0
7,4,20,1.9393,-0.1393,5.236,True,38,1.5,35.0
7,4,21,2.25,0.099,5.4978,False,0,1.5,-9999.0
7,4,22,2.4883,0.4097,5.7596,False,0,1.5,-9999.0
7,4,23,2.6382,0.7715,6.0214,False,0,1.5,-9999.0
7,5,0,4.1893,1.1597,0.0,True,81,1.5,78.0
7,5,1,4.1382,1.5479,0.2618,True,89,1.5,86.0
7,5,2,3.9883,1.9097,0.5236,True,88,1.5,85.0
7,5,3,3.75,2.2204,0.7854,True,79,1.5,76.0
7,5,4,3.4393,2.4587,1.0472,True,69,1.5,66.0
7,5,5,3.0775,2.6086,1.309,True,50,1.5,47.0
7,5,6,2.6893,2.6597,1.5708,True,33,1.5,30.0
7,5,7,2.3011,2.6086,1.8326,True,28,1.5,25.0
7,5,8,1.9393,2.4587,2.0944,False,0,1.5,-9999.0
7,5,9,1.6286,2.2204,2.3562,False,0,1.5,-9999.0
7,5,10,1.3903,1.9097,2.618,False,0,1.5,-9999.0
7,5,11,1.2404,1.5479,2.8798,False,0,1.5,-9999.0
7,5,12,1.1893,1.1597,3.1416,True,0,1.5,-3.0
7,5,13,1.2404,0.7715,3.4034,False,0,1.5,-9999.0
7,5,14,1.3903,0.4097,3.6652,False,0,1.5,-9999.0
7,5,15,1.6286,0.099,3.927,False,0,1.5,-9999.0
7,5,16,1.9393,-0.1393,4.1888,False,0,1.5,-9999.0
7,5,17,2.3011,-0.2892,4.4506,True,4,1.5,1.0
7,5,18,2.6893,-0.3403,4.7124,True,7,1.5,4.0
7,5,19,3.0775,-0.2892,4.9742,True,23,1.5,20.0
7,5,20,3.4393,-0.1393,5.236,True,40,1.5,37.0
7,5,21,3.75,0.099,5.4978,True,52,1.5,49.0
7,5,22,3.9883,0.4097,5.7596,True,62,1.5,59.0
7,5,23,4.1382,0.7715,6.0214,True,72,1.5,69.0
7,6,0,5.6382,1.5479,0.0,True,5,1.5,2.0
7,6,1,5.5871,1.9361,0.2618,True,3,1.5,0.0
7,6,2,5.4372,2.2979,0.5236,True,2,1.5,-1.0
7,6,3,5.1989,2.6086,0.7854,True,2,1.5,-1.0
7,6,4,4.8882,2.8469,1.0472,True,4,1.5,1.0
7,6,5,4.5264,2.9968,1.309,True,3,1.5,-0.0
7,6,6,4.1382,3.0479,1.5708,True,1,1.5,-2.0
7,6,7,3.75,2.9968,1.8326,True,3,1.5,-0.0
7,6,8,3.3882,2.8469,2.0944,True,5,1.5,2.0
7,6,9,3.0775,2.6086,2.3562,True,6,1.5,3.0
7,6,10,2.8392,2.2979,2.618,True,11,1.5,8.0
7,6,11,2.6893,1.9361,2.8798,True,8,1.5,5.0
7,6,12,2.6382,1.5479,3.1416,True,6,1.5,3.0
7,6,13,2.6893,1.1597,3.4034,True,0,1.5,-3.0
7,6,14,2.8392,0.7979,3.6652,True,0,1.5,-3.0
7,6,15,3.0775,0.4872,3.927,True,0,1.5,-3.0
7,6,16,3.3882,0.2489,4.1888,True,6,1.5,3.0
7,6,17,3.75,0.099,4.4506,True,12,1.5,9.0
7,6,18,4.1382,0.0479,4.7124,True,15,1.5,12.0
7,6,19,4.5264,0.099,4.9742,True,14,1.5,11.0
7,6,20,4.8882,0.2489,5.236,True,11,1.5,8.0
7,6,21,5.1989,0.4872,5.4978,True,9,1.5,6.0
7,6,22,5.4372,0.7979,5.7596,True,8,1.5,5.0
7,6,23,5.5871,1.1597,6.0214,True,6,1.5,3.0
7,7,0,5.6382,0.0479,0.0,True,2,1.5,-1.0
7,7,1,5.5871,0.4361,0.2618,True,1,1.5,-2.0
7,7,2,5.4372,0.7979,0.5236,True,0,1.5,-3.0
7,7,3,5.1989,1.1086,0.7854,True,0,1.5,-3.0
7,7,4,4.8882,1.3469,1.0472,True,2,1.5,-1.0
7,7,5,4.5264,1.4968,1.309,True,2,1.5,-1.0
7,7,6,4.1382,1.5479,1.5708,True,0,1.5,-3.0
7,7,7,3.75,1.4968,1.8326,True,2,1.5,-1.0
7,7,8,3.3882,1.3469,2.0944,True,2,1.5,-1.0
7,7,9,3.0775,1.1086,2.3562,True,0,1.5,-3.0
7,7,10,2.8392,0.7979,2.618,True,0,1.5,-3.0
7,7,11,2.6893,0.4361,2.8798,True,0,1.5,-3.0
7,7,12,2.6382,0.0479,3.1416,True,0,1.5,-3.0
7,7,13,2.6893,-0.3403,3.4034,True,1,1.5,-2.0
7,7,14,2.8392,-0.7021,3.6652,True,1,1.5,-2.0
7,7,15,3.0775,-1.0128,3.927,False,0,1.5,-9999.0
7,7,16,3.3882,-1.2511,4.1888,False,0,1.5,-9999.0
7,7,17,3.75,-1.401,4.4506,False,0,1.5,-9999.0
7,7,18,4.1382,-1.4521,4.7124,True,13,1.5,10.0
7,7,19,4.5264,-1.401,4.9742,True,15,1.5,12.0
7,7,20,4.8882,-1.2511,5.236,True,11,1.5,8.0
7,7,21,5.1989,-1.0128,5.4978,True,6,1.5,3.0
7,7,22,5.4372,-0.7021,5.7596,True,4,1.5,1.0
7,7,23,5.5871,-0.3403,6.0214,True,3,1.5,0.0
7,8,0,6.0264,-1.401,0.0,False,0,1.5,-9999.0
7,8,1,5.9753,-1.0128,0.2618,False,0,1.5,-9999.0
7,8,2,5.8254,-0.651,0.5236,True,0,1.5,-3.0
7,8,3,5.5871,-0.3403,0.7854,True,0,1.5,-3.0
7,8,4,5.2764,-0.102,1.0472,True,0,1.5,-3.0
7,8,5,4.9146,0.0479,1.309,True,0,1.5,-3.0
7,8,6,4.5264,0.099,1.5708,True,0,1.5,-3.0
7,8,7,4.1382,0.0479,1.8326,True,0,1.5,-3.0
7,8,8,3.7764,-0.102,2.0944,True,0,1.5,-3.0
7,8,9,3.4657,-0.3403,2.3562,True,0,1.5,-3.0
7,8,10,3.2274,-0.651,2.618,False,0,1.5,-9999.0
7,8,11,3.0775,-1.0128,2.8798,False,0,1.5,-9999.0
7,8,12,3.0264,-1.401,3.1416,False,0,1.5,-9999.0
7,8,13,3.0775,-1.7892,3.4034,False,0,1.5,-9999.0
7,8,14,3.2274,-2.151,3.6652,True,0,1.5,-3.0
7,8,15,3.4657,-2.4617,3.927,True,1,1.5,-2.0
7,8,16,3.7764,-2.7,4.1888,True,2,1.5,-1.0
7,8,17,4.1382,-2.8499,4.4506,True,2,1.5,-1.0
7,8,18,4.5264,-2.901,4.7124,True,3,1.5,0.0
7,8,19,4.9146,-2.8499,4.9742,True,4,1.5,1.0
7,8,20,5.2764,-2.7,5.236,True,2,1.5,-1.0
7,8,21,5.5871,-2.4617,5.4978,True,1,1.5,-2.0
7,8,22,5.8254,-2.151,5.7596,True,1,1.5,-2.0
7,8,23,5.9753,-1.7892,6.0214,False,0,1.5,-9999.0
7,9,0,6.4146,-2.8499,0.0,False,0,1.5,-9999.0
7,9,1,6.3635,-2.4617,0.2618,False,0,1.5,-9999.0
7,9,2,6.2136,-2.0999,0.5236,False,0,1.5,-9999.0
7,9,3,5.9753,-1.7892,0.7854,False,0,1.5,-9999.0
7,9,4,5.6646,-1.5509,1.0472,True,0,1.5,-3.0
7,9,5,5.3028,-1.401,1.309,True,0,1.5,-3.0
7,9,6,4.9146,-1.3499,1.5708,True,0,1.5,-3.0
7,9,7,4.5264,-1.401,1.8326,True,0,1.5,-3.0
7,9,8,4.1646,-1.5509,2.0944,True,0,1.5,-3.0
7,9,9,3.8539,-1.7892,2.3562,True,0,1.5,-3.0
7,9,10,3.6156,-2.0999,2.618,True,0,1.5,-3.0
7,9,11,3.4657,-2.4617,2.8798,True,0,1.5,-3.0
7,9,12,3.4146,-2.8499,3.1416,True,0,1.5,-3.0
7,9,13,3.4657,-3.2381,3.4034,True,0,1.5,-3.0
7,9,14,3.6156,-3.5999,3.6652,True,0,1.5,-3.0
7,9,15,3.8539,-3.9106,3.927,True,0,1.5,-3.0
7,9,16,4.1646,-4.1489,4.1888,False,0,1.5,-9999.0
7,9,17,4.5264,-4.2988,4.4506,False,0,1.5,-9999.0
7,9,18,4.9146,-4.3499,4.7124,False,0,1.5,-9999.0
7,9,19,5.3028,-4.2988,4.9742,False,0,1.5,-9999.0
7,9,20,5.6646,-4.1489,5.236,False,0,1.5,-9999.0
7,9,21,5.9753,-3.9106,5.4978,False,0,1.5,-9999.0
7,9,22,6.2136,-3.5999,5.7596,False,0,1.5,-9999.0
7,9,23,6.3635,-3.2381,6.0214,False,0,1.5,-9999.0
8,0,0,5.9,0.0,0.0,True,10,1.5,7.0
8,0,1,5.8489,0.3882,0.2618,True,10,1.5,7.0
8,0,2,5.699,0.75,0.5236,True,22,1.5,19.0
8,0,3,5.4607,1.0607,0.7854,True,39,1.5,36.0
8,0,4,5.15,1.299,1.0472,True,60,1.5,57.0
8,0,5,4.7882,1.4489,1.309,True,83,1.5,80.0
8,0,6,4.4,1.5,1.5708,True,98,1.5,95.0
8,0,7,4.0118,1.4489,1.8326,True,103,1.5,100.0
8,0,8,3.65,1.299,2.0944,True,96,1.5,93.0
8,0,9,3.3393,1.0607,2.3562,True,76,1.5,73.0
8,0,10,3.101,0.75,2.618,True,60,1.5,57.0
8,0,11,2.9511,0.3882,2.8798,True,42,1.5,39.0
8,0,12,2.9,0.0,3.1416,True,34,1.5,31.0
8,0,13,2.9511,-0.3882,3.4034,True,33,1.5,30.0
8,0,14,3.101,-0.75,3.6652,True,2,1.5,-1.0
8,0,15,3.3393,-1.0607,3.927,False,0,1.5,-9999.0
8,0,16,3.65,-1.299,4.1888,False,0,1.5,-9999.0
8,0,17,4.0118,-1.4489,4.4506,True,82,1.5,79.0
8,0,18,4.4,-1.5,4.7124,True,110,1.5,107.0
8,0,19,4.7882,-1.4489,4.9742,True,98,1.5,95.0
8,0,20,5.15,-1.299,5.236,True,76,1.5,73.0
8,0,21,5.4607,-1.0607,5.4978,True,52,1.5,49.0
8,0,22,5.699,-0.75,5.7596,True,29,1.5,26.0
8,0,23,5.8489,-0.3882,6.0214,True,13,1.5,10.0
8,1,0,5.9,-1.5,0.0,True,2,1.5,-1.0
8,1,1,5.8489,-1.1118,0.2618,True,0,1.5,-3.0
8,1,2,5.699,-0.75,0.5236,True,0,1.5,-3.0
8,1,3,5.4607,-0.4393,0.7854,True,0,1.5,-3.0
8,1,4,5.15,-0.201,1.0472,True,1,1.5,-2.0
8,1,5,4.7882,-0.0511,1.309,True,1,1.5,-2.0
8,1,6,4.4,0.0,1.5708,True,0,1.5,-3.0
8,1,7,4.0118,-0.0511,1.8326,True,5,1.5,2.0
8,1,8,3.65,-0.201,2.0944,True,8,1.5,5.0
8,1,9,3.3393,-0.4393,2.3562,False,0,1.5,-9999.0
8,1,10,3.101,-0.75,2.618,False,0,1.5,-9999.0
8,1,11,2.9511,-1.1118,2.8798,False,0,1.5,-9999.0
8,1,12,2.9,-1.5,3.1416,False,0,1.5,-9999.0
8,1,13,2.9511,-1.8882,3.4034,True,44,1.5,41.0
8,1,14,3.101,-2.25,3.6652,True,57,1.5,54.0
8,1,15,3.3393,-2.5607,3.927,True,52,1.5,49.0
8,1,16,3.65,-2.799,4.1888,True,48,1.5,45.0
8,1,17,4.0118,-2.9489,4.4506,True,39,1.5,36.0
8,1,18,4.4,-3.0,4.7124,True,27,1.5,24.0
8,1,19,4.7882,-2.9489,4.9742,True,14,1.5,11.0
8,1,20,5.15,-2.799,5.236,True,6,1.5,3.0
8,1,21,5.4607,-2.5607,5.4978,True,3,1.5,0.0
8,1,22,5.699,-2.25,5.7596,True,3,1.5,-0.0
8,1,23,5.8489,-1.8882,6.0214,True,2,1.5,-1.0
8,2,0,4.601,-2.25,0.0,True,4,1.5,1.0
8,2,1,4.5499,-1.8618,0.2618,True,2,1.5,-1.0
8,2,2,4.4,-1.5,0.5236,True,0,1.5,-3.0
8,2,3,4.1617,-1.1893,0.7854,False,0,1.5,-9999.0
8,2,4,3.851,-0.951,1.0472,False,0,1.5,-9999.0
8,2,5,3.4892,-0.8011,1.309,False,0,1.5,-9999.0
8,2,6,3.101,-0.75,1.5708,False,0,1.5,-9999.0
8,2,7,2.7128,-0.8011,1.8326,True,12,1.5,9.0
8,2,8,2.351,-0.951,2.0944,True,7,1.5,4.0
8,2,9,2.0403,-1.1893,2.3562,False,0,1.5,-9999.0
8,2,10,1.802,-1.5,2.618,False,0,1.5,-9999.0
8,2,11,1.6521,-1.8618,2.8798,False,0,1.5,-9999.0
8,2,12,1.601,-2.25,3.1416,False,0,1.5,-9999.0
8,2,13,1.6521,-2.6382,3.4034,False,0,1.5,-9999.0
8,2,14,1.802,-3.0,3.6652,True,118,1.5,115.0
8,2,15,2.0403,-3.3107,3.927,True,90,1.5,87.0
8,2,16,2.351,-3.549,4.1888,True,55,1.5,52.0
8,2,17,2.7128,-3.6989,4.4506,True,34,1.5,31.0
8,2,18,3.101,-3.75,4.7124,True,19,1.5,16.0
8,2,19,3.4892,-3.6989,4.9742,True,11,1.5,8.0
8,2,20,3.851,-3.549,5.236,True,6,1.5,3.0
8,2,21,4.1617,-3.3107,5.4978,True,4,1.5,1.0
8,2,22,4.4,-3.0,5.7596,True,2,1.5,-1.0
8,2,23,4.5499,-2.6382,6.0214,True,4,1.5,1.0
8,3,0,3.302,-3.0,0.0,True,1,1.5,-2.0
8,3,1,3.2509,-2.6118,0.2618,True,0,1.5,-3.0
8,3,2,3.101,-2.25,0.5236,True,0,1.5,-3.0
8,3,3,2.8627,-1.9393,0.7854,True,0,1.5,-3.0
8,3,4,2.552,-1.701,1.0472,False,0,1.5,-9999.0
8,3,5,2.1902,-1.5511,1.309,False,0,1.5,-9999.0
8,3,6,1.802,-1.5,1.5708,True,66,1.5,63.0
8,3,7,1.4138,-1.5511,1.8326,True,90,1.5,87.0
8,3,8,1.052,-1.701,2.0944,True,115,1.5,112.0
8,3,9,0.7413,-1.9393,2.3562,True,133,1.5,130.0
8,3,10,0.503,-2.25,2.618,True,132,1.5,129.0
8,3,11,0.3531,-2.6118,2.8798,True,111,1.5,108.0
8,3,12,0.302,-3.0,3.1416,True,91,1.5,88.0
8,3,13,0.3531,-3.3882,3.4034,True,69,1.5,66.0
8,3,14,0.503,-3.75,3.6652,True,49,1.5,46.0
8,3,15,0.7413,-4.0607,3.927,False,0,1.5,-9999.0
8,3,16,1.052,-4.299,4.1888,False,0,1.5,-9999.0
8,3,17,1.4138,-4.4489,4.4506,False,0,1.5,-9999.0
8,3,18,1.802,-4.5,4.7124,False,0,1.5,-9999.0
8,3,19,2.1902,-4.4489,4.9742,False,0,1.5,-9999.0
8,3,20,2.552,-4.299,5.236,False,0,1.5,-9999.0
8,3,21,2.8627,-4.0607,5.4978,False,0,1.5,-9999.0
8,3,22,3.101,-3.75,5.7596,True,0,1.5,-3.0
8,3,23,3.2509,-3.3882,6.0214,True,2,1.5,-1.0
8,4,0,2.2413,-1.9393,0.0,False,0,1.5,-9999.0
8,4,1,2.1902,-1.5511,0.2618,False,0,1.5,-9999.0
8,4,2,2.0403,-1.1893,0.5236,False,0,1.5,-9999.0
8,4,3,1.802,-0.8786,0.7854,True,25,1.5,22.0
8,4,4,1.4913,-0.6403,1.0472,True,37,1.5,34.0
8,4,5,1.1295,-0.4904,1.309,True,50,1.5,47.0
8,4,6,0.7413,-0.4393,1.5708,True,69,1.5,66.0
8,4,7,0.3531,-0.4904,1.8326,True,70,1.5,67.0
8,4,8,-0.0087,-0.6403,2.0944,True,66,1.5,63.0
8,4,9,-0.3194,-0.8786,2.3562,True,63,1.5,60.0
8,4,10,-0.5577,-1.1893,2.618,True,59,1.5,56.0
8,4,11,-0.7076,-1.5511,2.8798,True,58,1.5,55.0
8,4,12,-0.7587,-1.9393,3.1416,True,59,1.5,56.0
8,4,13,-0.7076,-2.3275,3.4034,True,50,1.5,47.0
8,4,14,-0.5577,-2.6893,3.6652,True,43,1.5,40.0
8,4,15,-0.3194,-3.0,3.927,True,36,1.5,33.0
8,4,16,-0.0087,-3.2383,4.1888,True,25,1.5,22.0
8,4,17,0.3531,-3.3882,4.4506,True,14,1.5,11.0
8,4,18,0.7413,-3.4393,4.7124,True,8,1.5,5.0
8,4,19,1.1295,-3.3882,4.9742,True,1,1.5,-2.0
8,4,20,1.4913,-3.2383,5.236,True,0,1.5,-3.0
8,4,21,1.802,-3.0,5.4978,True,0,1.5,-3.0
8,4,22,2.0403,-2.6893,5.7596,True,0,1.5,-3.0
8,4,23,2.1902,-2.3275,6.0214,False,0,1.5,-9999.0
8,5,0,1.8531,-0.4904,0.0,True,7,1.5,4.0
8,5,1,1.802,-0.1022,0.2618,True,15,1.5,12.0
8,5,2,1.6521,0.2596,0.5236,True,28,1.5,25.0
8,5,3,1.4138,0.5703,0.7854,True,40,1.5,37.0
8,5,4,1.1031,0.8086,1.0472,True,49,1.5,46.0
8,5,5,0.7413,0.9585,1.309,True,43,1.5,40.0
8,5,6,0.3531,1.0096,1.5708,False,0,1.5,-9999.0
8,5,7,-0.0351,0.9585,1.8326,False,0,1.5,-9999.0
8,5,8,-0.3969,0.8086,2.0944,True,4,1.5,1.0
8,5,9,-0.7076,0.5703,2.3562,True,45,1.5,42.0
8,5,10,-0.9459,0.2596,2.618,True,38,1.5,35.0
8,5,11,-1.0958,-0.1022,2.8798,True,26,1.5,23.0
8,5,12,-1.1469,-0.4904,3.1416,True,25,1.5,22.0
8,5,13,-1.0958,-0.8786,3.4034,True,15,1.5,12.0
8,5,14,-0.9459,-1.2404,3.6652,True,16,1.5,13.0
8,5,15,-0.7076,-1.5511,3.927,True,20,1.5,17.0
8,5,16,-0.3969,-1.7894,4.1888,True,22,1.5,19.0
8,5,17,-0.0351,-1.9393,4.4506,True,18,1.5,15.0
8,5,18,0.3531,-1.9904,4.7124,True,12,1.5,9.0
8,5,19,0.7413,-1.9393,4.9742,True,0,1.5,-3.0
8,5,20,1.1031,-1.7894,5.236,True,0,1.5,-3.0
8,5,21,1.4138,-1.5511,5.4978,True,0,1.5,-3.0
8,5,22,1.6521,-1.2404,5.7596,True,1,1.5,-2.0
8,5,23,1.802,-0.8786,6.0214,True,2,1.5,-1.0
8,6,0,2.6031,0.8086,0.0,False,0,1.5,-9999.0
8,6,1,2.552,1.1968,0.2618,False,0,1.5,-9999.0
8,6,2,2.4021,1.5586,0.5236,False,0,1.5,-9999.0
8,6,3,2.1638,1.8693,0.7854,False,0,1.5,-9999.0
8,6,4,1.8531,2.1076,1.0472,True,53,1.5,50.0
8,6,5,1.4913,2.2575,1.309,True,95,1.5,92.0
8,6,6,1.1031,2.3086,1.5708,True,112,1.5,109.0
8,6,7,0.7149,2.2575,1.8326,True,125,1.5,122.0
8,6,8,0.3531,2.1076,2.0944,False,0,1.5,-9999.0
8,6,9,0.0424,1.8693,2.3562,False,0,1.5,-9999.0
8,6,10,-0.1959,1.5586,2.618,False,0,1.5,-9999.0
8,6,11,-0.3458,1.1968,2.8798,False,0,1.5,-9999.0
8,6,12,-0.3969,0.8086,3.1416,True,4,1.5,1.0
8,6,13,-0.3458,0.4204,3.4034,True,13,1.5,10.0
8,6,14,-0.1959,0.0586,3.6652,True,13,1.5,10.0
8,6,15,0.0424,-0.2521,3.927,True,6,1.5,3.0
8,6,16,0.3531,-0.4904,4.1888,True,0,1.5,-3.0
8,6,17,0.7149,-0.6403,4.4506,True,0,1.5,-3.0
8,6,18,1.1031,-0.6914,4.7124,True,0,1.5,-3.0
8,6,19,1.4913,-0.6403,4.9742,True,0,1.5,-3.0
8,6,20,1.8531,-0.4904,5.236,True,0,1.5,-3.0
8,6,21,2.1638,-0.2521,5.4978,False,0,1.5,-9999.0
8,6,22,2.4021,0.0586,5.7596,False,0,1.5,-9999.0
8,6,23,2.552,0.4204,6.0214,False,0,1.5,-9999.0
8,7,0,2.2149,2.2575,0.0,False,0,1.5,-9999.0
8,7,1,2.1638,2.6457,0.2618,True,41,1.5,38.0
8,7,2,2.0139,3.0075,0.5236,True,39,1.5,36.0
8,7,3,1.7756,3.3182,0.7854,True,33,1.5,30.0
8,7,4,1.4649,3.5565,1.0472,True,27,1.5,24.0
8,7,5,1.1031,3.7064,1.309,True,21,1.5,18.0
8,7,6,0.7149,3.7575,1.5708,True,20,1.5,17.0
8,7,7,0.3267,3.7064,1.8326,True,20,1.5,17.0
8,7,8,-0.0351,3.5565,2.0944,True,29,1.5,26.0
8,7,9,-0.3458,3.3182,2.3562,True,38,1.5,35.0
8,7,10,-0.5841,3.0075,2.618,True,46,1.5,43.0
8,7,11,-0.734,2.6457,2.8798,True,45,1.5,42.0
8,7,12,-0.7851,2.2575,3.1416,True,41,1.5,38.0
8,7,13,-0.734,1.8693,3.4034,True,31,1.5,28.0
8,7,14,-0.5841,1.5075,3.6652,False,0,1.5,-9999.0
8,7,15,-0.3458,1.1968,3.927,False,0,1.5,-9999.0
8,7,16,-0.0351,0.9585,4.1888,False,0,1.5,-9999.0
8,7,17,0.3267,0.8086,4.4506,False,0,1.5,-9999.0
8,7,18,0.7149,0.7575,4.7124,True,0,1.5,-3.0
8,7,19,1.1031,0.8086,4.9742,True,0,1.5,-3.0
8,7,20,1.4649,0.9585,5.236,True,0,1.5,-3.0
8,7,21,1.7756,1.1968,5.4978,True,0,1.5,-3.0
8,7,22,2.0139,1.5075,5.7596,False,0,1.5,-9999.0
8,7,23,2.1638,1.8693,6.0214,False,0,1.5,-9999.0
8,8,0,0.9159,3.0075,0.0,True,13,1.5,10.0
8,8,1,0.8648,3.3957,0.2618,True,15,1.5,12.0
8,8,2,0.7149,3.7575,0.5236,True,12,1.5,9.0
8,8,3,0.4766,4.0682,0.7854,False,0,1.5,-9999.0
8,8,4,0.1659,4.3065,1.0472,False,0,1.5,-9999.0
8,8,5,-0.1959,4.4564,1.309,False,0,1.5,-9999.0
8,8,6,-0.5841,4.5075,1.5708,False,0,1.5,-9999.0
8,8,7,-0.9723,4.4564,1.8326,False,0,1.5,-9999.0
8,8,8,-1.3341,4.3065,2.0944,False,0,1.5,-9999.0
8,8,9,-1.6448,4.0682,2.3562,False,0,1.5,-9999.0
8,8,10,-1.8831,3.7575,2.618,True,64,1.5,61.0
8,8,11,-2.033,3.3957,2.8798,True,91,1.5,88.0
8,8,12,-2.0841,3.0075,3.1416,True,113,1.5,110.0
8,8,13,-2.033,2.6193,3.4034,True,119,1.5,116.0
8,8,14,-1.8831,2.2575,3.6652,True,3,1.5,-0.0
8,8,15,-1.6448,1.9468,3.927,True,4,1.5,1.0
8,8,16,-1.3341,1.7085,4.1888,True,6,1.5,3.0
8,8,17,-0.9723,1.5586,4.4506,True,2,1.5,-1.0
8,8,18,-0.5841,1.5075,4.7124,False,0,1.5,-9999.0
8,8,19,-0.1959,1.5586,4.9742,False,0,1.5,-9999.0
8,8,20,0.1659,1.7085,5.236,False,0,1.5,-9999.0
8,8,21,0.4766,1.9468,5.4978,True,0,1.5,-3.0
8,8,22,0.7149,2.2575,5.7596,True,0,1.5,-3.0
8,8,23,0.8648,2.6193,6.0214,True,9,1.5,6.0
8,9,0,-0.533,2.6193,0.0,True,0,1.5,-3.0
8,9,1,-0.5841,3.0075,0.2618,True,0,1.5,-3.0
8,9,2,-0.734,3.3693,0.5236,True,0,1.5,-3.0
8,9,3,-0.9723,3.68,0.7854,True,0,1.5,-3.0
8,9,4,-1.283,3.9183,1.0472,True,0,1.5,-3.0
8,9,5,-1.6448,4.0682,1.309,False,0,1.5,-9999.0
8,9,6,-2.033,4.1193,1.5708,False,0,1.5,-9999.0
8,9,7,-2.4212,4.0682,1.8326,False,0,1.5,-9999.0
8,9,8,-2.783,3.9183,2.0944,True,19,1.5,16.0
8,9,9,-3.0937,3.68,2.3562,True,34,1.5,31.0
8,9,10,-3.332,3.3693,2.618,True,56,1.5,53.0
8,9,11,-3.4819,3.0075,2.8798,True,78,1.5,75.0
8,9,12,-3.533,2.6193,3.1416,True,103,1.5,100.0
8,9,13,-3.4819,2.2311,3.4034,True,126,1.5,123.0
8,9,14,-3.332,1.8693,3.6652,True,136,1.5,133.0
8,9,15,-3.0937,1.5586,3.927,True,126,1.5,123.0
8,9,16,-2.783,1.3203,4.1888,True,112,1.5,109.0
8,9,17,-2.4212,1.1704,4.4506,True,93,1.5,90.0
8,9,18,-2.033,1.1193,4.7124,False,0,1.5,-9999.0
8,9,19,-1.6448,1.1704,4.9742,False,0,1.5,-9999.0
8,9,20,-1.283,1.3203,5.236,False,0,1.5,-9999.0
8,9,21,-0.9723,1.5586,5.4978,True,0,1.5,-3.0
8,9,22,-0.734,1.8693,5.7596,True,0,1.5,-3.0
8,9,23,-0.5841,2.2311,6.0214,True,0,1.5,-3.0
8,10,0,-1.832,1.8693,0.0,False,0,1.5,-9999.0
8,10,1,-1.8831,2.2575,0.2618,False,0,1.5,-9999.0
8,10,2,-2.033,2.6193,0.5236,True,0,1.5,-3.0
8,10,3,-2.2713,2.93,0.7854,True,0,1.5,-3.0
8,10,4,-2.582,3.1683,1.0472,True,0,1.5,-3.0
8,10,5,-2.9438,3.3182,1.309,True,1,1.5,-2.0
8,10,6,-3.332,3.3693,1.5708,True,8,1.5,5.0
8,10,7,-3.7202,3.3182,1.8326,True,8,1.5,5.0
8,10,8,-4.082,3.1683,2.0944,True,8,1.5,5.0
8,10,9,-4.3927,2.93,2.3562,True,12,1.5,9.0
8,10,10,-4.631,2.6193,2.618,True,15,1.5,12.0
8,10,11,-4.7809,2.2575,2.8798,True,21,1.5,18.0
8,10,12,-4.832,1.8693,3.1416,True,28,1.5,25.0
8,10,13,-4.7809,1.4811,3.4034,True,44,1.5,41.0
8,10,14,-4.631,1.1193,3.6652,True,57,1.5,54.0
8,10,15,-4.3927,0.8086,3.927,True,77,1.5,74.0
8,10,16,-4.082,0.5703,4.1888,True,93,1.5,90.0
8,10,17,-3.7202,0.4204,4.4506,True,102,1.5,99.0
8,10,18,-3.332,0.3693,4.7124,True,96,1.5,93.0
8,10,19,-2.9438,0.4204,4.9742,True,73,1.5,70.0
8,10,20,-2.582,0.5703,5.236,True,50,1.5,47.0
8,10,21,-2.2713,0.8086,5.4978,True,31,1.5,28.0
8,10,22,-2.033,1.1193,5.7596,False,0,1.5,-9999.0
8,10,23,-1.8831,1.4811,6.0214,False,0,1.5,-9999.0
8,11,0,-2.2202,0.4204,0.0,True,4,1.5,1.0
8,11,1,-2.2713,0.8086,0.2618,True,0,1.5,-3.0
8,11,2,-2.4212,1.1704,0.5236,True,0,1.5,-3.0
8,11,3,-2.6595,1.4811,0.7854,True,0,1.5,-3.0
8,11,4,-2.9702,1.7194,1.0472,True,0,1.5,-3.0
8,11,5,-3.332,1.8693,1.309,True,0,1.5,-3.0
8,11,6,-3.7202,1.9204,1.5708,True,9,1.5,6.0
8,11,7,-4.1084,1.8693,1.8326,True,11,1.5,8.0
8,11,8,-4.4702,1.7194,2.0944,True,10,1.5,7.0
8,11,9,-4.7809,1.4811,2.3562,True,8,1.5,5.0
8,11,10,-5.0192,1.1704,2.618,True,3,1.5,0.0
8,11,11,-5.1691,0.8086,2.8798,True,3,1.5,-0.0
8,11,12,-5.2202,0.4204,3.1416,True,10,1.5,7.0
8,11,13,-5.1691,0.0322,3.4034,True,20,1.5,17.0
8,11,14,-5.0192,-0.3296,3.6652,True,38,1.5,35.0
8,11,15,-4.7809,-0.6403,3.927,True,59,1.5,56.0
8,11,16,-4.4702,-0.8786,4.1888,True,83,1.5,80.0
8,11,17,-4.1084,-1.0285,4.4506,True,98,1.5,95.0
8,11,18,-3.7202,-1.0796,4.7124,True,99,1.5,96.0
8,11,19,-3.332,-1.0285,4.9742,True,89,1.5,86.0
8,11,20,-2.9702,-0.8786,5.236,True,67,1.5,64.0
8,11,21,-2.6595,-0.6403,5.4978,True,43,1.5,40.0
8,11,22,-2.4212,-0.3296,5.7596,True,25,1.5,22.0
8,11,23,-2.2713,0.0322,6.0214,True,11,1.5,8.0
8,12,0,-2.2202,-1.0796,0.0,True,6,1.5,3.0
8,12,1,-2.2713,-0.6914,0.2618,True,0,1.5,-3.0
8,12,2,-2.4212,-0.3296,0.5236,True,0,1.5,-3.0
8,12,3,-2.6595,-0.0189,0.7854,True,0,1.5,-3.0
8,12,4,-2.9702,0.2194,1.0472,True,0,1.5,-3.0
8,12,5,-3.332,0.3693,1.309,True,0,1.5,-3.0
8,12,6,-3.7202,0.4204,1.5708,True,0,1.5,-3.0
8,12,7,-4.1084,0.3693,1.8326,True,0,1.5,-3.0
8,12,8,-4.4702,0.2194,2.0944,True,0,1.5,-3.0
8,12,9,-4.7809,-0.0189,2.3562,True,0,1.5,-3.0
8,12,10,-5.0192,-0.3296,2.618,True,0,1.5,-3.0
8,12,11,-5.1691,-0.6914,2.8798,True,2,1.5,-1.0
8,12,12,-5.2202,-1.0796,3.1416,True,10,1.5,7.0
8,12,13,-5.1691,-1.4678,3.4034,True,18,1.5,15.0
8,12,14,-5.0192,-1.8296,3.6652,True,22,1.5,19.0
8,12,15,-4.7809,-2.1403,3.927,True,29,1.5,26.0
8,12,16,-4.4702,-2.3786,4.1888,True,35,1.5,32.0
8,12,17,-4.1084,-2.5285,4.4506,True,39,1.5,36.0
8,12,18,-3.7202,-2.5796,4.7124,True,39,1.5,36.0
8,12,19,-3.332,-2.5285,4.9742,True,38,1.5,35.0
8,12,20,-2.9702,-2.3786,5.236,True,32,1.5,29.0
8,12,21,-2.6595,-2.1403,5.4978,True,26,1.5,23.0
8,12,22,-2.4212,-1.8296,5.7596,True,21,1.5,18.0
8,12,23,-2.2713,-1.4678,6.0214,True,13,1.5,10.0
8,13,0,-2.6084,-2.5285,0.0,True,5,1.5,2.0
8,13,1,-2.6595,-2.1403,0.2618,True,5,1.5,2.0
8,13,2,-2.8094,-1.7785,0.5236,True,5,1.5,2.0
8,13,3,-3.0477,-1.4678,0.7854,True,2,1.5,-1.0
8,13,4,-3.3584,-1.2295,1.0472,True,0,1.5,-3.0
8,13,5,-3.7202,-1.0796,1.309,True,0,1.5,-3.0
8,13,6,-4.1084,-1.0285,1.5708,True,0,1.5,-3.0
8,13,7,-4.4966,-1.0796,1.8326,True,0,1.5,-3.0
8,13,8,-4.8584,-1.2295,2.0944,True,0,1.5,-3.0
8,13,9,-5.1691,-1.4678,2.3562,True,0,1.5,-3.0
8,13,10,-5.4074,-1.7785,2.618,True,0,1.5,-3.0
8,13,11,-5.5573,-2.1403,2.8798,True,0,1.5,-3.0
8,13,12,-5.6084,-2.5285,3.1416,True,0,1.5,-3.0
8,13,13,-5.5573,-2.9167,3.4034,True,0,1.5,-3.0
8,13,14,-5.4074,-3.2785,3.6652,True,1,1.5,-2.0
8,13,15,-5.1691,-3.5892,3.927,True,0,1.5,-3.0
8,13,16,-4.8584,-3.8275,4.1888,True,0,1.5,-3.0
8,13,17,-4.4966,-3.9774,4.4506,False,0,1.5,-9999.0
8,13,18,-4.1084,-4.0285,4.7124,False,0,1.5,-9999.0
8,13,19,-3.7202,-3.9774,4.9742,False,0,1.5,-9999.0
8,13,20,-3.3584,-3.8275,5.236,True,1,1.5,-2.0
8,13,21,-3.0477,-3.5892,5.4978,True,1,1.5,-2.0
8,13,22,-2.8094,-3.2785,5.7596,True,2,1.5,-1.0
8,13,23,-2.6595,-2.9167,6.0214,True,4,1.5,1.0
8,14,0,-1.1084,-2.5285,0.0,False,0,1.5,-9999.0
8,14,1,-1.1595,-2.1403,0.2618,False,0,1.5,-9999.0
8,14,2,-1.3094,-1.7785,0.5236,False,0,1.5,-9999.0
8,14,3,-1.5477,-1.4678,0.7854,False,0,1.5,-9999.0
8,14,4,-1.8584,-1.2295,1.0472,False,0,1.5,-9999.0
8,14,5,-2.2202,-1.0796,1.309,True,0,1.5,-3.0
8,14,6,-2.6084,-1.0285,1.5708,True,0,1.5,-3.0
8,14,7,-2.9966,-1.0796,1.8326,True,0,1.5,-3.0
8,14,8,-3.3584,-1.2295,2.0944,True,0,1.5,-3.0
8,14,9,-3.6691,-1.4678,2.3562,True,0,1.5,-3.0
8,14,10,-3.9074,-1.7785,2.618,True,0,1.5,-3.0
8,14,11,-4.0573,-2.1403,2.8798,True,1,1.5,-2.0
8,14,12,-4.1084,-2.5285,3.1416,True,0,1.5,-3.0
8,14,13,-4.0573,-2.9167,3.4034,True,0,1.5,-3.0
8,14,14,-3.9074,-3.2785,3.6652,True,0,1.5,-3.0
8,14,15,-3.6691,-3.5892,3.927,True,0,1.5,-3.0
8,14,16,-3.3584,-3.8275,4.1888,True,0,1.5,-3.0
8,14,17,-2.9966,-3.9774,4.4506,False,0,1.5,-9999.0
8,14,18,-2.6084,-4.0285,4.7124,False,0,1.5,-9999.0
8,14,19,-2.2202,-3.9774,4.9742,False,0,1.5,-9999.0
8,14,20,-1.8584,-3.8275,5.236,True,0,1.5,-3.0
8,14,21,-1.5477,-3.5892,5.4978,True,0,1.5,-3.0
8,14,22,-1.3094,-3.2785,5.7596,True,0,1.5,-3.0
8,14,23,-1.1595,-2.9167,6.0214,True,0,1.5,-3.0
8,15,0,-2.5573,-2.1403,0.0,True,0,1.5,-3.0
8,15,1,-2.6084,-1.7521,0.2618,True,0,1.5,-3.0
8,15,2,-2.7583,-1.3903,0.5236,True,0,1.5,-3.0
8,15,3,-2.9966,-1.0796,0.7854,True,0,1.5,-3.0
8,15,4,-3.3073,-0.8413,1.0472,True,0,1.5,-3.0
8,15,5,-3.6691,-0.6914,1.309,True,0,1.5,-3.0
8,15,6,-4.0573,-0.6403,1.5708,True,0,1.5,-3.0
8,15,7,-4.4455,-0.6914,1.8326,True,0,1.5,-3.0
8,15,8,-4.8073,-0.8413,2.0944,True,0,1.5,-3.0
8,15,9,-5.118,-1.0796,2.3562,True,0,1.5,-3.0
8,15,10,-5.3563,-1.3903,2.618,True,0,1.5,-3.0
8,15,11,-5.5062,-1.7521,2.8798,True,0,1.5,-3.0
8,15,12,-5.5573,-2.1403,3.1416,True,0,1.5,-3.0
8,15,13,-5.5062,-2.5285,3.4034,True,0,1.5,-3.0
8,15,14,-5.3563,-2.8903,3.6652,True,0,1.5,-3.0
8,15,15,-5.118,-3.201,3.927,True,0,1.5,-3.0
8,15,16,-4.8073,-3.4393,4.1888,True,0,1.5,-3.0
8,15,17,-4.4455,-3.5892,4.4506,True,0,1.5,-3.0
8,15,18,-4.0573,-3.6403,4.7124,True,0,1.5,-3.0
8,15,19,-3.6691,-3.5892,4.9742,True,0,1.5,-3.0
8,15,20,-3.3073,-3.4393,5.236,True,0,1.5,-3.0
8,15,21,-2.9966,-3.201,5.4978,True,0,1.5,-3.0
8,15,22,-2.7583,-2.8903,5.7596,True,0,1.5,-3.0
8,15,23,-2.6084,-2.5285,6.0214,True,0,1.5,-3.0
9,0,0,6.1,2.6,0.0,False,0,1.5,-9999.0
9,0,1,6.0489,2.9882,0.2618,False,0,1.5,-9999.0
9,0,2,5.899,3.35,0.5236,True,0,1.5,-3.0
9,0,3,5.6607,3.6607,0.7854,True,0,1.5,-3.0
9,0,4,5.35,3.899,1.0472,True,0,1.5,-3.0
9,0,5,4.9882,4.0489,1.309,False,0,1.5,-9999.0
9,0,6,4.6,4.1,1.5708,False,0,1.5,-9999.0
9,0,7,4.2118,4.0489,1.8326,False,0,1.5,-9999.0
9,0,8,3.85,3.899,2.0944,True,17,1.5,14.0
9,0,9,3.5393,3.6607,2.3562,True,30,1.5,27.0
9,0,10,3.301,3.35,2.618,True,40,1.5,37.0
9,0,11,3.1511,2.9882,2.8798,True,51,1.5,48.0
9,0,12,3.1,2.6,3.1416,True,55,1.5,52.0
9,0,13,3.1511,2.2118,3.4034,True,65,1.5,62.0
9,0,14,3.301,1.85,3.6652,True,73,1.5,70.0
9,0,15,3.5393,1.5393,3.927,True,82,1.5,79.0
9,0,16,3.85,1.301,4.1888,True,91,1.5,88.0
9,0,17,4.2118,1.1511,4.4506,True,99,1.5,96.0
9,0,18,4.6,1.1,4.7124,True,94,1.5,91.0
9,0,19,4.9882,1.1511,4.9742,True,77,1.5,74.0
9,0,20,5.35,1.301,5.236,True,54,1.5,51.0
9,0,21,5.6607,1.5393,5.4978,True,35,1.5,32.0
9,0,22,5.899,1.85,5.7596,True,18,1.5,15.0
9,0,23,6.0489,2.2118,6.0214,False,0,1.5,-9999.0
9,1,0,5.7118,1.1511,0.0,True,4,1.5,1.0
9,1,1,5.6607,1.5393,0.2618,True,1,1.5,-2.0
9,1,2,5.5108,1.9011,0.5236,True,0,1.5,-3.0
9,1,3,5.2725,2.2118,0.7854,True,0,1.5,-3.0
9,1,4,4.9618,2.4501,1.0472,True,0,1.5,-3.0
9,1,5,4.6,2.6,1.309,True,0,1.5,-3.0
9,1,6,4.2118,2.6511,1.5708,True,10,1.5,7.0
9,1,7,3.8236,2.6,1.8326,True,18,1.5,15.0
9,1,8,3.4618,2.4501,2.0944,True,28,1.5,25.0
9,1,9,3.1511,2.2118,2.3562,True,29,1.5,26.0
9,1,10,2.9128,1.9011,2.618,True,21,1.5,18.0
9,1,11,2.7629,1.5393,2.8798,True,14,1.5,11.0
9,1,12,2.7118,1.1511,3.1416,True,14,1.5,11.0
9,1,13,2.7629,0.7629,3.4034,True,12,1.5,9.0
9,1,14,2.9128,0.4011,3.6652,True,19,1.5,16.0
9,1,15,3.1511,0.0904,3.927,True,26,1.5,23.0
9,1,16,3.4618,-0.1479,4.1888,True,29,1.5,26.0
9,1,17,3.8236,-0.2978,4.4506,True,51,1.5,48.0
9,1,18,4.2118,-0.3489,4.7124,True,63,1.5,60.0
9,1,19,4.6,-0.2978,4.9742,True,65,1.5,62.0
9,1,20,4.9618,-0.1479,5.236,True,51,1.5,48.0
9,1,21,5.2725,0.0904,5.4978,True,39,1.5,36.0
9,1,22,5.5108,0.4011,5.7596,True,25,1.5,22.0
9,1,23,5.6607,0.7629,6.0214,True,13,1.5,10.0
9,2,0,6.1,-0.2978,0.0,False,0,1.5,-9999.0
9,2,1,6.0489,0.0904,0.2618,False,0,1.5,-9999.0
9,2,2,5.899,0.4522,0.5236,True,1,1.5,-2.0
9,2,3,5.6607,0.7629,0.7854,True,0,1.5,-3.0
9,2,4,5.35,1.0012,1.0472,True,0,1.5,-3.0
9,2,5,4.9882,1.1511,1.309,True,0,1.5,-3.0
9,2,6,4.6,1.2022,1.5708,True,0,1.5,-3.0
9,2,7,4.2118,1.1511,1.8326,True,0,1.5,-3.0
9,2,8,3.85,1.0012,2.0944,True,3,1.5,0.0
9,2,9,3.5393,0.7629,2.3562,True,9,1.5,6.0
9,2,10,3.301,0.4522,2.618,True,13,1.5,10.0
9,2,11,3.1511,0.0904,2.8798,True,19,1.5,16.0
9,2,12,3.1,-0.2978,3.1416,True,20,1.5,17.0
9,2,13,3.1511,-0.686,3.4034,True,2,1.5,-1.0
9,2,14,3.301,-1.0478,3.6652,False,0,1.5,-9999.0
9,2,15,3.5393,-1.3585,3.927,False,0,1.5,-9999.0
9,2,16,3.85,-1.5968,4.1888,False,0,1.5,-9999.0
9,2,17,4.2118,-1.7467,4.4506,True,110,1.5,107.0
9,2,18,4.6,-1.7978,4.7124,True,103,1.5,100.0
9,2,19,4.9882,-1.7467,4.9742,True,85,1.5,82.0
9,2,20,5.35,-1.5968,5.236,True,64,1.5,61.0
9,2,21,5.6607,-1.3585,5.4978,True,43,1.5,40.0
9,2,22,5.899,-1.0478,5.7596,True,22,1.5,19.0
9,2,23,6.0489,-0.686,6.0214,False,0,1.5,-9999.0
9,3,0,5.7118,-1.7467,0.0,True,1,1.5,-2.0
9,3,1,5.6607,-1.3585,0.2618,True,1,1.5,-2.0
9,3,2,5.5108,-0.9967,0.5236,True,1,1.5,-2.0
9,3,3,5.2725,-0.686,0.7854,True,1,1.5,-2.0
9,3,4,4.9618,-0.4477,1.0472,True,1,1.5,-2.0
9,3,5,4.6,-0.2978,1.309,True,0,1.5,-3.0
9,3,6,4.2118,-0.2467,1.5708,True,1,1.5,-2.0
9,3,7,3.8236,-0.2978,1.8326,True,2,1.5,-1.0
9,3,8,3.4618,-0.4477,2.0944,False,0,1.5,-9999.0
9,3,9,3.1511,-0.686,2.3562,False,0,1.5,-9999.0
9,3,10,2.9128,-0.9967,2.618,False,0,1.5,-9999.0
9,3,11,2.7629,-1.3585,2.8798,False,0,1.5,-9999.0
9,3,12,2.7118,-1.7467,3.1416,True,37,1.5,34.0
9,3,13,2.7629,-2.1349,3.4034,True,37,1.5,34.0
9,3,14,2.9128,-2.4967,3.6652,True,47,1.5,44.0
9,3,15,3.1511,-2.8074,3.927,True,47,1.5,44.0
9,3,16,3.4618,-3.0457,4.1888,True,39,1.5,36.0
9,3,17,3.8236,-3.1956,4.4506,True,27,1.5,24.0
9,3,18,4.2118,-3.2467,4.7124,True,16,1.5,13.0
9,3,19,4.6,-3.1956,4.9742,True,5,1.5,2.0
9,3,20,4.9618,-3.0457,5.236,True,1,1.5,-2.0
9,3,21,5.2725,-2.8074,5.4978,True,0,1.5,-3.0
9,3,22,5.5108,-2.4967,5.7596,True,1,1.5,-2.0
9,3,23,5.6607,-2.1349,6.0214,True,1,1.5,-2.0
9,4,0,4.4128,-2.4967,0.0,True,1,1.5,-2.0
9,4,1,4.3617,-2.1085,0.2618,True,1,1.5,-2.0
9,4,2,4.2118,-1.7467,0.5236,True,0,1.5,-3.0
9,4,3,3.9735,-1.436,0.7854,False,0,1.5,-9999.0
9,4,4,3.6628,-1.1977,1.0472,False,0,1.5,-9999.0
9,4,5,3.301,-1.0478,1.309,False,0,1.5,-9999.0
9,4,6,2.9128,-0.9967,1.5708,True,1,1.5,-2.0
9,4,7,2.5246,-1.0478,1.8326,True,3,1.5,0.0
9,4,8,2.1628,-1.1977,2.0944,True,3,1.5,0.0
9,4,9,1.8521,-1.436,2.3562,False,0,1.5,-9999.0
9,4,10,1.6138,-1.7467,2.618,False,0,1.5,-9999.0
9,4,11,1.4639,-2.1085,2.8798,False,0,1.5,-9999.0
9,4,12,1.4128,-2.4967,3.1416,False,0,1.5,-9999.0
9,4,13,1.4639,-2.8849,3.4034,True,141,1.5,138.0
9,4,14,1.6138,-3.2467,3.6652,True,116,1.5,113.0
9,4,15,1.8521,-3.5574,3.927,True,83,1.5,80.0
9,4,16,2.1628,-3.7957,4.1888,True,56,1.5,53.0
9,4,17,2.5246,-3.9456,4.4506,False,0,1.5,-9999.0
9,4,18,2.9128,-3.9967,4.7124,False,0,1.5,-9999.0
9,4,19,3.301,-3.9456,4.9742,False,0,1.5,-9999.0
9,4,20,3.6628,-3.7957,5.236,True,4,1.5,1.0
9,4,21,3.9735,-3.5574,5.4978,True,2,1.5,-1.0
9,4,22,4.2118,-3.2467,5.7596,True,0,1.5,-3.0
9,4,23,4.3617,-2.8849,6.0214,True,0,1.5,-3.0
9,5,0,2.9639,-2.8849,0.0,True,0,1.5,-3.0
9,5,1,2.9128,-2.4967,0.2618,True,0,1.5,-3.0
9,5,2,2.7629,-2.1349,0.5236,False,0,1.5,-9999.0
9,5,3,2.5246,-1.8242,0.7854,False,0,1.5,-9999.0
9,5,4,2.2139,-1.5859,1.0472,False,0,1.5,-9999.0
9,5,5,1.8521,-1.436,1.309,True,54,1.5,51.0
9,5,6,1.4639,-1.3849,1.5708,True,78,1.5,75.0
9,5,7,1.0757,-1.436,1.8326,True,96,1.5,93.0
9,5,8,0.7139,-1.5859,2.0944,True,117,1.5,114.0
9,5,9,0.4032,-1.8242,2.3562,True,122,1.5,119.0
9,5,10,0.1649,-2.1349,2.618,True,118,1.5,115.0
9,5,11,0.015,-2.4967,2.8798,True,103,1.5,100.0
9,5,12,-0.0361,-2.8849,3.1416,True,85,1.5,82.0
9,5,13,0.015,-3.2731,3.4034,True,66,1.5,63.0
9,5,14,0.1649,-3.6349,3.6652,True,47,1.5,44.0
9,5,15,0.4032,-3.9456,3.927,False,0,1.5,-9999.0
9,5,16,0.7139,-4.1839,4.1888,False,0,1.5,-9999.0
9,5,17,1.0757,-4.3338,4.4506,False,0,1.5,-9999.0
9,5,18,1.4639,-4.3849,4.7124,False,0,1.5,-9999.0
9,5,19,1.8521,-4.3338,4.9742,False,0,1.5,-9999.0
9,5,20,2.2139,-4.1839,5.236,False,0,1.5,-9999.0
9,5,21,2.5246,-3.9456,5.4978,False,0,1.5,-9999.0
9,5,22,2.7629,-3.6349,5.7596,True,0,1.5,-3.0
9,5,23,2.9128,-3.2731,6.0214,True,0,1.5,-3.0
9,6,0,1.9032,-1.8242,0.0,True,1,1.5,-2.0
9,6,1,1.8521,-1.436,0.2618,True,10,1.5,7.0
9,6,2,1.7022,-1.0742,0.5236,True,19,1.5,16.0
9,6,3,1.4639,-0.7635,0.7854,True,30,1.5,27.0
9,6,4,1.1532,-0.5252,1.0472,True,42,1.5,39.0
9,6,5,0.7914,-0.3753,1.309,True,54,1.5,51.0
9,6,6,0.4032,-0.3242,1.5708,True,58,1.5,55.0
9,6,7,0.015,-0.3753,1.8326,True,59,1.5,56.0
9,6,8,-0.3468,-0.5252,2.0944,True,57,1.5,54.0
9,6,9,-0.6575,-0.7635,2.3562,True,52,1.5,49.0
9,6,10,-0.8958,-1.0742,2.618,True,44,1.5,41.0
9,6,11,-1.0457,-1.436,2.8798,True,42,1.5,39.0
9,6,12,-1.0968,-1.8242,3.1416,True,31,1.5,28.0
9,6,13,-1.0457,-2.2124,3.4034,True,37,1.5,34.0
9,6,14,-0.8958,-2.5742,3.6652,True,40,1.5,37.0
9,6,15,-0.6575,-2.8849,3.927,True,35,1.5,32.0
9,6,16,-0.3468,-3.1232,4.1888,True,26,1.5,23.0
9,6,17,0.015,-3.2731,4.4506,True,17,1.5,14.0
9,6,18,0.4032,-3.3242,4.7124,True,8,1.5,5.0
9,6,19,0.7914,-3.2731,4.9742,True,1,1.5,-2.0
9,6,20,1.1532,-3.1232,5.236,True,0,1.5,-3.0
9,6,21,1.4639,-2.8849,5.4978,True,0,1.5,-3.0
9,6,22,1.7022,-2.5742,5.7596,True,0,1.5,-3.0
9,6,23,1.8521,-2.2124,6.0214,True,0,1.5,-3.0
9,7,0,1.515,-0.3753,0.0,True,13,1.5,10.0
9,7,1,1.4639,0.0129,0.2618,True,24,1.5,21.0
9,7,2,1.314,0.3747,0.5236,True,32,1.5,29.0
9,7,3,1.0757,0.6854,0.7854,True,38,1.5,35.0
9,7,4,0.765,0.9237,1.0472,True,38,1.5,35.0
9,7,5,0.4032,1.0736,1.309,False,0,1.5,-9999.0
9,7,6,0.015,1.1247,1.5708,False,0,1.5,-9999.0
9,7,7,-0.3732,1.0736,1.8326,False,0,1.5,-9999.0
9,7,8,-0.735,0.9237,2.0944,True,46,1.5,43.0
9,7,9,-1.0457,0.6854,2.3562,True,44,1.5,41.0
9,7,10,-1.284,0.3747,2.618,True,47,1.5,44.0
9,7,11,-1.4339,0.0129,2.8798,True,23,1.5,20.0
9,7,12,-1.485,-0.3753,3.1416,True,13,1.5,10.0
9,7,13,-1.4339,-0.7635,3.4034,True,8,1.5,5.0
9,7,14,-1.284,-1.1253,3.6652,True,22,1.5,19.0
9,7,15,-1.0457,-1.436,3.927,True,15,1.5,12.0
9,7,16,-0.735,-1.6743,4.1888,True,17,1.5,14.0
9,7,17,-0.3732,-1.8242,4.4506,True,16,1.5,13.0
9,7,18,0.015,-1.8753,4.7124,True,10,1.5,7.0
9,7,19,0.4032,-1.8242,4.9742,True,0,1.5,-3.0
9,7,20,0.765,-1.6743,5.236,True,0,1.5,-3.0
9,7,21,1.0757,-1.436,5.4978,True,1,1.5,-2.0
9,7,22,1.314,-1.1253,5.7596,True,2,1.5,-1.0
9,7,23,1.4639,-0.7635,6.0214,True,6,1.5,3.0
9,8,0,0.216,0.3747,0.0,True,3,1.5,0.0
9,8,1,0.1649,0.7629,0.2618,True,0,1.5,-3.0
9,8,2,0.015,1.1247,0.5236,False,0,1.5,-9999.0
9,8,3,-0.2233,1.4354,0.7854,False,0,1.5,-9999.0
9,8,4,-0.534,1.6737,1.0472,False,0,1.5,-9999.0
9,8,5,-0.8958,1.8236,1.309,True,117,1.5,114.0
9,8,6,-1.284,1.8747,1.5708,True,113,1.5,110.0
9,8,7,-1.6722,1.8236,1.8326,True,94,1.5,91.0
9,8,8,-2.034,1.6737,2.0944,False,0,1.5,-9999.0
9,8,9,-2.3447,1.4354,2.3562,False,0,1.5,-9999.0
9,8,10,-2.583,1.1247,2.618,False,0,1.5,-9999.0
9,8,11,-2.7329,0.7629,2.8798,False,0,1.5,-9999.0
9,8,12,-2.784,0.3747,3.1416,False,0,1.5,-9999.0
9,8,13,-2.7329,-0.0135,3.4034,False,0,1.5,-9999.0
9,8,14,-2.583,-0.3753,3.6652,False,0,1.5,-9999.0
9,8,15,-2.3447,-0.686,3.927,False,0,1.5,-9999.0
9,8,16,-2.034,-0.9243,4.1888,False,0,1.5,-9999.0
9,8,17,-1.6722,-1.0742,4.4506,True,20,1.5,17.0
9,8,18,-1.284,-1.1253,4.7124,True,16,1.5,13.0
9,8,19,-0.8958,-1.0742,4.9742,True,6,1.5,3.0
9,8,20,-0.534,-0.9243,5.236,True,1,1.5,-2.0
9,8,21,-0.2233,-0.686,5.4978,True,0,1.5,-3.0
9,8,22,0.015,-0.3753,5.7596,True,0,1.5,-3.0
9,8,23,0.1649,-0.0135,6.0214,True,5,1.5,2.0
9,9,0,0.6042,1.8236,0.0,False,0,1.5,-9999.0
9,9,1,0.5531,2.2118,0.2618,True,23,1.5,20.0
9,9,2,0.4032,2.5736,0.5236,True,23,1.5,20.0
9,9,3,0.1649,2.8843,0.7854,True,23,1.5,20.0
9,9,4,-0.1458,3.1226,1.0472,True,24,1.5,21.0
9,9,5,-0.5076,3.2725,1.309,True,36,1.5,33.0
9,9,6,-0.8958,3.3236,1.5708,True,44,1.5,41.0
9,9,7,-1.284,3.2725,1.8326,True,52,1.5,49.0
9,9,8,-1.6458,3.1226,2.0944,True,67,1.5,64.0
9,9,9,-1.9565,2.8843,2.3562,True,106,1.5,103.0
9,9,10,-2.1948,2.5736,2.618,False,0,1.5,-9999.0
9,9,11,-2.3447,2.2118,2.8798,False,0,1.5,-9999.0
9,9,12,-2.3958,1.8236,3.1416,False,0,1.5,-9999.0
9,9,13,-2.3447,1.4354,3.4034,False,0,1.5,-9999.0
9,9,14,-2.1948,1.0736,3.6652,False,0,1.5,-9999.0
9,9,15,-1.9565,0.7629,3.927,False,0,1.5,-9999.0
9,9,16,-1.6458,0.5246,4.1888,True,1,1.5,-2.0
9,9,17,-1.284,0.3747,4.4506,True,4,1.5,1.0
9,9,18,-0.8958,0.3236,4.7124,True,0,1.5,-3.0
9,9,19,-0.5076,0.3747,4.9742,False,0,1.5,-9999.0
9,9,20,-0.1458,0.5246,5.236,False,0,1.5,-9999.0
9,9,21,0.1649,0.7629,5.4978,False,0,1.5,-9999.0
9,9,22,0.4032,1.0736,5.7596,False,0,1.5,-9999.0
9,9,23,0.5531,1.4354,6.0214,False,0,1.5,-9999.0
9,10,0,-0.4565,2.8843,0.0,True,18,1.5,15.0
9,10,1,-0.5076,3.2725,0.2618,True,19,1.5,16.0
9,10,2,-0.6575,3.6343,0.5236,True,18,1.5,15.0
9,10,3,-0.8958,3.945,0.7854,False,0,1.5,-9999.0
9,10,4,-1.2065,4.1833,1.0472,False,0,1.5,-9999.0
9,10,5,-1.5683,4.3332,1.309,False,0,1.5,-9999.0
9,10,6,-1.9565,4.3843,1.5708,False,0,1.5,-9999.0
9,10,7,-2.3447,4.3332,1.8326,False,0,1.5,-9999.0
9,10,8,-2.7065,4.1833,2.0944,False,0,1.5,-9999.0
9,10,9,-3.0172,3.945,2.3562,False,0,1.5,-9999.0
9,10,10,-3.2555,3.6343,2.618,True,52,1.5,49.0
9,10,11,-3.4054,3.2725,2.8798,True,77,1.5,74.0
9,10,12,-3.4565,2.8843,3.1416,True,97,1.5,94.0
9,10,13,-3.4054,2.4961,3.4034,True,120,1.5,117.0
9,10,14,-3.2555,2.1343,3.6652,True,131,1.5,128.0
9,10,15,-3.0172,1.8236,3.927,True,127,1.5,124.0
9,10,16,-2.7065,1.5853,4.1888,True,110,1.5,107.0
9,10,17,-2.3447,1.4354,4.4506,False,0,1.5,-9999.0
9,10,18,-1.9565,1.3843,4.7124,False,0,1.5,-9999.0
9,10,19,-1.5683,1.4354,4.9742,True,0,1.5,-3.0
9,10,20,-1.2065,1.5853,5.236,True,0,1.5,-3.0
9,10,21,-0.8958,1.8236,5.4978,True,0,1.5,-3.0
9,10,22,-0.6575,2.1343,5.7596,True,13,1.5,10.0
9,10,23,-0.5076,2.4961,6.0214,True,17,1.5,14.0
9,11,0,-1.7555,2.1343,0.0,False,0,1.5,-9999.0
9,11,1,-1.8066,2.5225,0.2618,False,0,1.5,-9999.0
9,11,2,-1.9565,2.8843,0.5236,True,0,1.5,-3.0
9,11,3,-2.1948,3.195,0.7854,True,0,1.5,-3.0
9,11,4,-2.5055,3.4333,1.0472,True,0,1.5,-3.0
9,11,5,-2.8673,3.5832,1.309,True,0,1.5,-3.0
9,11,6,-3.2555,3.6343,1.5708,True,5,1.5,2.0
9,11,7,-3.6437,3.5832,1.8326,True,7,1.5,4.0
9,11,8,-4.0055,3.4333,2.0944,True,8,1.5,5.0
9,11,9,-4.3162,3.195,2.3562,True,9,1.5,6.0
9,11,10,-4.5545,2.8843,2.618,True,15,1.5,12.0
9,11,11,-4.7044,2.5225,2.8798,True,22,1.5,19.0
9,11,12,-4.7555,2.1343,3.1416,True,30,1.5,27.0
9,11,13,-4.7044,1.7461,3.4034,True,47,1.5,44.0
9,11,14,-4.5545,1.3843,3.6652,True,66,1.5,63.0
9,11,15,-4.3162,1.0736,3.927,True,83,1.5,80.0
9,11,16,-4.0055,0.8353,4.1888,True,99,1.5,96.0
9,11,17,-3.6437,0.6854,4.4506,True,104,1.5,101.0
9,11,18,-3.2555,0.6343,4.7124,True,94,1.5,91.0
9,11,19,-2.8673,0.6854,4.9742,True,73,1.5,70.0
9,11,20,-2.5055,0.8353,5.236,True,50,1.5,47.0
9,11,21,-2.1948,1.0736,5.4978,True,32,1.5,29.0
9,11,22,-1.9565,1.3843,5.7596,False,0,1.5,-9999.0
9,11,23,-1.8066,1.7461,6.0214,False,0,1.5,-9999.0
9,12,0,-2.1437,0.6854,0.0,True,4,1.5,1.0
9,12,1,-2.1948,1.0736,0.2618,True,0,1.5,-3.0
9,12,2,-2.3447,1.4354,0.5236,True,0,1.5,-3.0
9,12,3,-2.583,1.7461,0.7854,True,0,1.5,-3.0
9,12,4,-2.8937,1.9844,1.0472,True,0,1.5,-3.0
9,12,5,-3.2555,2.1343,1.309,True,0,1.5,-3.0
9,12,6,-3.6437,2.1854,1.5708,True,8,1.5,5.0
9,12,7,-4.0319,2.1343,1.8326,True,10,1.5,7.0
9,12,8,-4.3937,1.9844,2.0944,True,10,1.5,7.0
9,12,9,-4.7044,1.7461,2.3562,True,7,1.5,4.0
9,12,10,-4.9427,1.4354,2.618,True,5,1.5,2.0
9,12,11,-5.0926,1.0736,2.8798,True,5,1.5,2.0
9,12,12,-5.1437,0.6854,3.1416,True,12,1.5,9.0
9,12,13,-5.0926,0.2972,3.4034,True,21,1.5,18.0
9,12,14,-4.9427,-0.0646,3.6652,True,40,1.5,37.0
9,12,15,-4.7044,-0.3753,3.927,True,63,1.5,60.0
9,12,16,-4.3937,-0.6136,4.1888,True,85,1.5,82.0
9,12,17,-4.0319,-0.7635,4.4506,True,98,1.5,95.0
9,12,18,-3.6437,-0.8146,4.7124,True,96,1.5,93.0
9,12,19,-3.2555,-0.7635,4.9742,True,83,1.5,80.0
9,12,20,-2.8937,-0.6136,5.236,True,59,1.5,56.0
9,12,21,-2.583,-0.3753,5.4978,True,39,1.5,36.0
9,12,22,-2.3447,-0.0646,5.7596,True,22,1.5,19.0
9,12,23,-2.1948,0.2972,6.0214,True,10,1.5,7.0
9,13,0,-2.5319,-0.7635,0.0,True,8,1.5,5.0
9,13,1,-2.583,-0.3753,0.2618,True,1,1.5,-2.0
9,13,2,-2.7329,-0.0135,0.5236,True,0,1.5,-3.0
9,13,3,-2.9712,0.2972,0.7854,True,0,1.5,-3.0
9,13,4,-3.2819,0.5355,1.0472,True,0,1.5,-3.0
9,13,5,-3.6437,0.6854,1.309,True,0,1.5,-3.0
9,13,6,-4.0319,0.7365,1.5708,True,0,1.5,-3.0
9,13,7,-4.4201,0.6854,1.8326,True,0,1.5,-3.0
9,13,8,-4.7819,0.5355,2.0944,True,0,1.5,-3.0
9,13,9,-5.0926,0.2972,2.3562,True,0,1.5,-3.0
9,13,10,-5.3309,-0.0135,2.618,True,0,1.5,-3.0
9,13,11,-5.4808,-0.3753,2.8798,True,1,1.5,-2.0
9,13,12,-5.5319,-0.7635,3.1416,True,7,1.5,4.0
9,13,13,-5.4808,-1.1517,3.4034,True,14,1.5,11.0
9,13,14,-5.3309,-1.5135,3.6652,True,24,1.5,21.0
9,13,15,-5.0926,-1.8242,3.927,True,32,1.5,29.0
9,13,16,-4.7819,-2.0625,4.1888,True,43,1.5,40.0
9,13,17,-4.4201,-2.2124,4.4506,True,51,1.5,48.0
9,13,18,-4.0319,-2.2635,4.7124,True,55,1.5,52.0
9,13,19,-3.6437,-2.2124,4.9742,True,55,1.5,52.0
9,13,20,-3.2819,-2.0625,5.236,True,48,1.5,45.0
9,13,21,-2.9712,-1.8242,5.4978,True,38,1.5,35.0
9,13,22,-2.7329,-1.5135,5.7596,True,31,1.5,28.0
9,13,23,-2.583,-1.1517,6.0214,True,17,1.5,14.0
9,14,0,-2.5319,-2.2635,0.0,True,2,1.5,-1.0
9,14,1,-2.583,-1.8753,0.2618,True,2,1.5,-1.0
9,14,2,-2.7329,-1.5135,0.5236,True,2,1.5,-1.0
9,14,3,-2.9712,-1.2028,0.7854,True,0,1.5,-3.0
9,14,4,-3.2819,-0.9645,1.0472,True,0,1.5,-3.0
9,14,5,-3.6437,-0.8146,1.309,True,0,1.5,-3.0
9,14,6,-4.0319,-0.7635,1.5708,True,0,1.5,-3.0
9,14,7,-4.4201,-0.8146,1.8326,True,0,1.5,-3.0
9,14,8,-4.7819,-0.9645,2.0944,True,0,1.5,-3.0
9,14,9,-5.0926,-1.2028,2.3562,True,0,1.5,-3.0
9,14,10,-5.3309,-1.5135,2.618,True,0,1.5,-3.0
9,14,11,-5.4808,-1.8753,2.8798,True,0,1.5,-3.0
9,14,12,-5.5319,-2.2635,3.1416,True,0,1.5,-3.0
9,14,13,-5.4808,-2.6517,3.4034,True,0,1.5,-3.0
9,14,14,-5.3309,-3.0135,3.6652,True,0,1.5,-3.0
9,14,15,-5.0926,-3.3242,3.927,True,0,1.5,-3.0
9,14,16,-4.7819,-3.5625,4.1888,True,0,1.5,-3.0
9,14,17,-4.4201,-3.7124,4.4506,True,0,1.5,-3.0
9,14,18,-4.0319,-3.7635,4.7124,True,0,1.5,-3.0
9,14,19,-3.6437,-3.7124,4.9742,True,0,1.5,-3.0
9,14,20,-3.2819,-3.5625,5.236,True,0,1.5,-3.0
9,14,21,-2.9712,-3.3242,5.4978,True,0,1.5,-3.0
9,14,22,-2.7329,-3.0135,5.7596,True,2,1.5,-1.0
9,14,23,-2.583,-2.6517,6.0214,True,2,1.5,-1.0
9,15,0,-1.0319,-2.2635,0.0,False,0,1.5,-9999.0
9,15,1,-1.083,-1.8753,0.2618,False,0,1.5,-9999.0
9,15,2,-1.2329,-1.5135,0.5236,False,0,1.5,-9999.0
9,15,3,-1.4712,-1.2028,0.7854,False,0,1.5,-9999.0
9,15,4,-1.7819,-0.9645,1.0472,False,0,1.5,-9999.0
9,15,5,-2.1437,-0.8146,1.309,True,0,1.5,-3.0
9,15,6,-2.5319,-0.7635,1.5708,True,0,1.5,-3.0
9,15,7,-2.9201,-0.8146,1.8326,True,0,1.5,-3.0
9,15,8,-3.2819,-0.9645,2.0944,True,0,1.5,-3.0
9,15,9,-3.5926,-1.2028,2.3562,True,0,1.5,-3.0
9,15,10,-3.8309,-1.5135,2.618,True,0,1.5,-3.0
9,15,11,-3.9808,-1.8753,2.8798,True,0,1.5,-3.0
9,15,12,-4.0319,-2.2635,3.1416,True,0,1.5,-3.0
9,15,13,-3.9808,-2.6517,3.4034,True,0,1.5,-3.0
9,15,14,-3.8309,-3.0135,3.6652,True,0,1.5,-3.0
9,15,15,-3.5926,-3.3242,3.927,True,0,1.5,-3.0
9,15,16,-3.2819,-3.5625,4.1888,True,0,1.5,-3.0
9,15,17,-2.9201,-3.7124,4.4506,True,0,1.5,-3.0
9,15,18,-2.5319,-3.7635,4.7124,True,0,1.5,-3.0
9,15,19,-2.1437,-3.7124,4.9742,True,0,1.5,-3.0
9,15,20,-1.7819,-3.5625,5.236,True,0,1.5,-3.0
9,15,21,-1.4712,-3.3242,5.4978,True,0,1.5,-3.0
9,15,22,-1.2329,-3.0135,5.7596,False,0,1.5,-9999.0
9,15,23,-1.083,-2.6517,6.0214,False,0,1.5,-9999.0
